NCI Trial Identifier,Submission Type,Submitted On,Expected Abstraction Completion Date,Current On-Hold Date,Accepted,Admin Abstraction Completed,Admin QC Completed,Scientific Abstraction Completed,Scientific QC Completed,Ready for TSR,Checked Out By,Lead Organization,Lead Org PO ID,ClinicalTrials.gov Identifier,CTEP ID,DCP ID,CDR ID,Amendment #,Data Table 4 Funding,On Hold Date,Off Hold Date,On Hold Reason,On Hold Description,Trial Type,NCI Sponsored,Processing Status,Processing Status Date,Admin Check out Name,Admin Check out Date,Scientific Check out Name,Scientific Check out Date,CTEP/DCP,Submitting Organization,Submission Date,Last Milestone,Last Milestone Date,Submission Source,Processing Priority,Comments,This Trial is,Submission Received Date,Added By,Added On,Submission Acceptance Date,Added By,Added On,Submission Rejection Date,Added By,Added On,Submission Terminated Date,Added By,Added On,Submission Reactivated Date,Added By,Added On,Administrative Processing Completed Date,Added By,Added On,Administrative QC Completed Date,Added By,Added On,Scientific Processing Completed Date,Added By,Added On,Scientific QC Completed Date,Added By,Added On,Trial Summary Report Date,Added By,Added On,Submitter Trial Summary Report Feedback Date,Added By,Added On,Initial Abstraction Verified Date,Added By,Added On,On-going Abstraction Verified Date,Added By,Added On,Late Rejection Date,Added By,Added On
2019-04265,Abbreviated,06/23/2019,07/08/2019,06/24/2019,,,,,,,,Robert Cornell,89784888,NCT02178579,,,,,INDUSTRIAL,06/24/2019,,Other,"Trial placed on hold per EW# 94915 because the lead organization is and NCI-Designated Cancer Center (Robert Cornell, Vanderbilt University Medical Center). Outreach submitted to Vanderbilt requesting if they are going to submit the trial through the complete workflow. Trial was not immediately rejected because the study is non-interventional.",Non-interventional,No,On-Hold,06/24/2019,,,,,,ClinicalTrials.gov,06/23/2019,Submission Received Date,06/23/2019,ClinicalTrials.gov,2,,"Submitted -- not acceptedOn hold since 06/24/2019 , reason: Other",06/23/2019,,06/23/2019,,,,,,,,,,,,,,,,,,,,,,,,,,,,,,,,,,,,,,,
2019-02253,Amendment,07/12/2019,07/26/2019,,07/12/2019,07/15/2019,07/17/2019,07/17/2019,07/17/2019,07/17/2019,,Emory University Hospital/Winship Cancer Institute,81829,NCT04022343,,,,IRB Initial Approval,INSTITUTIONAL,,,,,Interventional,No,Abstracted,07/17/2019,,,,,,Emory University Hospital/Winship Cancer Institute,07/12/2019,Ready for Trial Summary Report Date,07/17/2019,Registry,2,,Ready for TSR Submission,07/12/2019,,07/12/2019,07/12/2019,"johnsonj, Julie Johnson",07/12/2019,,,,,,,,,,07/15/2019,"gillh, Hannah Gill",07/15/2019,07/17/2019,"Gebeniene, Elena",07/17/2019,07/17/2019,"Appiah, Cecilia",07/17/2019,07/17/2019,"buchanani, Ian Buchanan",07/17/2019,,,,,,,,,,,,,,,
2019-04196,Complete,06/20/2019,07/29/2019,,07/12/2019,07/16/2019,07/16/2019,07/18/2019,07/19/2019,07/19/2019,"Dongargaonkar, Alpana (SC)",University of Pennsylvania/Abramson Cancer Center,198713,NCT03419637,,,,,INSTITUTIONAL,06/28/2019,07/12/2019,Other,EW 94920 - Submitter contacted the study team to provide the most current IRB.,Interventional,No,Abstracted,07/19/2019,,,dongargaonkaraa,07/24/2019,,University of Pennsylvania/Abramson Cancer Center,06/20/2019,Ready for Trial Summary Report Date,07/19/2019,Registry,2,,Ready for TSR Submission,06/20/2019,,06/20/2019,07/12/2019,"Otubu, Temisan",07/12/2019,,,,,,,,,,07/16/2019,"such, Chun-Hui Su",07/16/2019,07/16/2019,"gillh, Hannah Gill",07/16/2019,07/18/2019,"Appiah, Cecilia",07/18/2019,07/19/2019,"buchanani, Ian Buchanan",07/19/2019,,,,,,,,,,,,,,,
2019-04855,Complete,07/15/2019,07/29/2019,,07/15/2019,07/16/2019,07/16/2019,07/18/2019,07/19/2019,07/19/2019,,University of Pennsylvania/Abramson Cancer Center,198713,,,,,,INSTITUTIONAL,,,,,Non-interventional,No,Abstracted,07/19/2019,,,,,,University of Pennsylvania/Abramson Cancer Center,07/15/2019,Ready for Trial Summary Report Date,07/19/2019,Registry,2,,Ready for TSR Submission,07/15/2019,,07/15/2019,07/15/2019,"johnsonj, Julie Johnson",07/15/2019,,,,,,,,,,07/16/2019,"such, Chun-Hui Su",07/16/2019,07/16/2019,"gillh, Hannah Gill",07/16/2019,07/18/2019,"Crowner, Ashley",07/18/2019,07/19/2019,"Chen, Sisi",07/19/2019,,,,,,,,,,,,,,,
2019-04856,Complete,07/15/2019,07/29/2019,,07/15/2019,07/16/2019,07/17/2019,07/16/2019,07/17/2019,07/17/2019,,M D Anderson Cancer Center,227400,,,,,,INSTITUTIONAL,,,,,Interventional,No,Abstracted,07/17/2019,,,,,,M D Anderson Cancer Center,07/15/2019,Ready for Trial Summary Report Date,07/17/2019,Registry,2,,Ready for TSR Submission,07/15/2019,,07/15/2019,07/15/2019,"johnsonj, Julie Johnson",07/15/2019,,,,,,,,,,07/16/2019,"gillh, Hannah Gill",07/16/2019,07/17/2019,"Gebeniene, Elena",07/17/2019,07/16/2019,"Titanwa, Florence",07/16/2019,07/17/2019,"Crowner, Ashley",07/17/2019,,,,,,,,,,,,,,,
2019-04857,Complete,07/15/2019,07/29/2019,,07/15/2019,07/16/2019,07/16/2019,07/16/2019,07/17/2019,07/17/2019,,M D Anderson Cancer Center,227400,,,,,,INSTITUTIONAL,,,,,Interventional,No,Abstracted,07/17/2019,,,,,,M D Anderson Cancer Center,07/15/2019,Ready for Trial Summary Report Date,07/17/2019,Registry,2,,Ready for TSR Submission,07/15/2019,,07/15/2019,07/15/2019,"johnsonj, Julie Johnson",07/15/2019,,,,,,,,,,07/16/2019,"brunettor, Renae Brunetto",07/16/2019,07/16/2019,"gillh, Hannah Gill",07/16/2019,07/16/2019,"buchanani, Ian Buchanan",07/16/2019,07/17/2019,"Titanwa, Florence",07/17/2019,,,,,,,,,,,,,,,
2019-04729,Complete,07/09/2019,07/29/2019,,07/12/2019,07/16/2019,07/17/2019,07/16/2019,07/19/2019,07/19/2019,,Laura and Isaac Perlmutter Cancer Center at NYU Langone,170563,NCT03726320,,,,,INSTITUTIONAL,07/09/2019,07/12/2019,Submission Incomplete,Can you please provide the IRB that approves the Consent form? The consent form is version date 06/14/2019. Thanks.,Interventional,No,Abstracted,07/19/2019,,,,,,Laura and Isaac Perlmutter Cancer Center at NYU Langone,07/09/2019,Ready for Trial Summary Report Date,07/19/2019,Registry,2,,Ready for TSR Submission,07/09/2019,,07/09/2019,07/12/2019,"Otubu, Temisan",07/12/2019,,,,,,,,,,07/16/2019,"johnsonj, Julie Johnson",07/16/2019,07/17/2019,"gillh, Hannah Gill",07/17/2019,07/16/2019,"Caesar-Johnson, Samantha",07/16/2019,07/19/2019,"Appiah, Cecilia",07/19/2019,,,,,,,,,,,,,,,
2019-04860,Complete,07/15/2019,07/29/2019,,07/15/2019,07/16/2019,07/17/2019,07/17/2019,07/17/2019,07/17/2019,,M D Anderson Cancer Center,227400,,,,,,INSTITUTIONAL,,,,,Interventional,No,Abstracted,07/17/2019,,,,,,M D Anderson Cancer Center,07/15/2019,Ready for Trial Summary Report Date,07/17/2019,Registry,2,,Ready for TSR Submission,07/15/2019,,07/15/2019,07/15/2019,"johnsonj, Julie Johnson",07/15/2019,,,,,,,,,,07/16/2019,"Otubu, Temisan",07/16/2019,07/17/2019,"gillh, Hannah Gill",07/17/2019,07/17/2019,"chengi, Iris Cheng",07/17/2019,07/17/2019,"buchanani, Ian Buchanan",07/17/2019,,,,,,,,,,,,,,,
2019-04888,Complete,07/16/2019,07/30/2019,,07/16/2019,07/17/2019,07/17/2019,07/18/2019,07/22/2019,07/22/2019,,City of Hope Comprehensive Cancer Center,38249,,,,,,INSTITUTIONAL,,,,,Interventional,No,Abstracted,07/22/2019,,,,,,City of Hope Comprehensive Cancer Center,07/16/2019,Ready for Trial Summary Report Date,07/22/2019,Registry,2,,Ready for TSR Submission,07/16/2019,,07/16/2019,07/16/2019,"Otubu, Temisan",07/16/2019,,,,,,,,,,07/17/2019,"johnsonj, Julie Johnson",07/17/2019,07/17/2019,"gillh, Hannah Gill",07/17/2019,07/18/2019,"Flumer, Carly",07/18/2019,07/22/2019,"Appiah, Cecilia",07/22/2019,,,,,,,,,,,,,,,
2019-04889,Complete,07/16/2019,07/30/2019,,07/16/2019,07/17/2019,07/17/2019,07/17/2019,07/19/2019,07/19/2019,,UNC Lineberger Comprehensive Cancer Center,149190,NCT03546556,,,,,INSTITUTIONAL,,,,,Interventional,No,Abstracted,07/19/2019,,,,,,UNC Lineberger Comprehensive Cancer Center,07/16/2019,Ready for Trial Summary Report Date,07/19/2019,Registry,2,,Ready for TSR Submission,07/16/2019,,07/16/2019,07/16/2019,"Otubu, Temisan",07/16/2019,,,,,,,,,,07/17/2019,"brunettor, Renae Brunetto",07/17/2019,07/17/2019,"Gebeniene, Elena",07/17/2019,07/17/2019,"chengi, Iris Cheng",07/17/2019,07/19/2019,"Caesar-Johnson, Samantha",07/19/2019,,,,,,,,,,,,,,,
2019-04892,Complete,07/16/2019,07/30/2019,,07/16/2019,07/18/2019,07/18/2019,07/17/2019,07/18/2019,07/18/2019,,UNC Lineberger Comprehensive Cancer Center,149190,NCT03544268,,,,,EXTERNALLY_PEER_REVIEWED,,,,,Interventional,No,Abstracted,07/18/2019,,,,,,UNC Lineberger Comprehensive Cancer Center,07/16/2019,Ready for Trial Summary Report Date,07/18/2019,Registry,2,,Ready for TSR Submission,07/16/2019,,07/16/2019,07/16/2019,"Otubu, Temisan",07/16/2019,,,,,,,,,,07/18/2019,"gillh, Hannah Gill",07/18/2019,07/18/2019,"Gebeniene, Elena",07/18/2019,07/17/2019,"Flumer, Carly",07/17/2019,07/18/2019,"Chen, Sisi",07/18/2019,,,,,,,,,,,,,,,
2019-04919,Complete,07/17/2019,07/31/2019,,07/17/2019,07/17/2019,07/17/2019,07/18/2019,07/19/2019,07/19/2019,,Nationwide Children's Hospital,181274,NCT03431090,,,,,INSTITUTIONAL,,,,,Interventional,No,Abstracted,07/19/2019,,,,,,Ohio State University Comprehensive Cancer Center,07/17/2019,Ready for Trial Summary Report Date,07/19/2019,Registry,2,,Ready for TSR Submission,07/17/2019,,07/17/2019,07/17/2019,"such, Chun-Hui Su",07/17/2019,,,,,,,,,,07/17/2019,"Otubu, Temisan",07/17/2019,07/17/2019,"Gebeniene, Elena",07/17/2019,07/18/2019,"Caesar-Johnson, Samantha",07/18/2019,07/19/2019,"Titanwa, Florence",07/19/2019,,,,,,,,,,,,,,,
2019-04924,Complete,07/17/2019,07/31/2019,,07/17/2019,07/17/2019,07/17/2019,07/18/2019,07/19/2019,07/19/2019,,UNC Lineberger Comprehensive Cancer Center,149190,NCT03769415,,,,,INSTITUTIONAL,,,,,Non-interventional,No,Abstracted,07/19/2019,,,,,,UNC Lineberger Comprehensive Cancer Center,07/17/2019,Ready for Trial Summary Report Date,07/19/2019,Registry,2,,Ready for TSR Submission,07/17/2019,,07/17/2019,07/17/2019,"such, Chun-Hui Su",07/17/2019,,,,,,,,,,07/17/2019,"Otubu, Temisan",07/17/2019,07/17/2019,"Gebeniene, Elena",07/17/2019,07/18/2019,"Chen, Sisi",07/18/2019,07/19/2019,"buchanani, Ian Buchanan",07/19/2019,,,,,,,,,,,,,,,
2019-04926,Complete,07/17/2019,07/31/2019,,07/17/2019,07/18/2019,07/18/2019,07/18/2019,07/22/2019,07/22/2019,,UNC Lineberger Comprehensive Cancer Center,149190,NCT03899441,,,,,INSTITUTIONAL,,,,,Interventional,No,Abstracted,07/22/2019,,,,,,UNC Lineberger Comprehensive Cancer Center,07/17/2019,Ready for Trial Summary Report Date,07/22/2019,Registry,2,,Ready for TSR Submission,07/17/2019,,07/17/2019,07/17/2019,"johnsonj, Julie Johnson",07/17/2019,,,,,,,,,,07/18/2019,"gillh, Hannah Gill",07/18/2019,07/18/2019,"Gebeniene, Elena",07/18/2019,07/18/2019,"Crowner, Ashley",07/18/2019,07/22/2019,"Appiah, Cecilia",07/22/2019,,,,,,,,,,,,,,,
2019-04369,Complete,06/26/2019,07/31/2019,,07/16/2019,07/17/2019,07/17/2019,07/18/2019,07/18/2019,07/18/2019,,Ohio State University Comprehensive Cancer Center,181303,,,,,,INSTITUTIONAL,06/26/2019,07/16/2019,Submission Incomplete -- Missing Documents,"Per IRB dated 04/16/2019 notes incorrect Protocol Number #2019C0016 and Title as \"Observational Study Protocol CA209852 CHARACTERIZING THE BURDEN OF CAREGIVERS OF INDIVIDUALS WITH GLIOBLASTOMA MULTIFORME (GBM).\"  Please provide the current IRB approval dated 06/03/2019, Protocol Title as \"Molecular Analysis of Tumors of the Central Nervous System: 4 A Study to Identify Molecular Biomarkers.\"",Non-interventional,No,Abstracted,07/18/2019,,,,,,Ohio State University Comprehensive Cancer Center,06/26/2019,Ready for Trial Summary Report Date,07/18/2019,Registry,2,,Ready for TSR Submission,06/26/2019,,06/26/2019,07/16/2019,"johnsonj, Julie Johnson",07/16/2019,,,,,,,,,,07/17/2019,"Otubu, Temisan",07/17/2019,07/17/2019,"gillh, Hannah Gill",07/17/2019,07/18/2019,"Appiah, Cecilia",07/18/2019,07/18/2019,"Crowner, Ashley",07/18/2019,,,,,,,,,,,,,,,
2019-04927,Complete,07/17/2019,07/31/2019,,07/18/2019,07/18/2019,07/19/2019,07/18/2019,07/19/2019,07/19/2019,,UNC Lineberger Comprehensive Cancer Center,149190,NCT03819569,,,,,INSTITUTIONAL,,,,,Non-interventional,No,Abstracted,07/19/2019,,,,,,UNC Lineberger Comprehensive Cancer Center,07/17/2019,Ready for Trial Summary Report Date,07/19/2019,Registry,2,,Ready for TSR Submission,07/17/2019,,07/17/2019,07/18/2019,"margolinr, Raisa Margolin",07/18/2019,,,,,,,,,,07/18/2019,"gillh, Hannah Gill",07/18/2019,07/19/2019,"Gebeniene, Elena",07/19/2019,07/18/2019,"chengi, Iris Cheng",07/18/2019,07/19/2019,"Chen, Sisi",07/19/2019,,,,,,,,,,,,,,,
2019-04928,Complete,07/17/2019,07/31/2019,,07/18/2019,07/18/2019,07/19/2019,07/19/2019,07/19/2019,07/19/2019,,University of California Davis Comprehensive Cancer Center,41545,,,,,,INSTITUTIONAL,,,,,Interventional,No,Abstracted,07/19/2019,,,,,,University of California Davis Comprehensive Cancer Center,07/17/2019,Ready for Trial Summary Report Date,07/19/2019,Registry,2,,Ready for TSR Submission,07/17/2019,,07/17/2019,07/18/2019,"Otubu, Temisan",07/18/2019,,,,,,,,,,07/18/2019,"gillh, Hannah Gill",07/18/2019,07/19/2019,"Gebeniene, Elena",07/19/2019,07/19/2019,"buchanani, Ian Buchanan",07/19/2019,07/19/2019,"Crowner, Ashley",07/19/2019,,,,,,,,,,,,,,,
2019-04954,Complete,07/18/2019,08/01/2019,,07/18/2019,07/18/2019,07/19/2019,07/19/2019,07/22/2019,07/22/2019,,Case Comprehensive Cancer Center,9558455,NCT03957876,,,,,INSTITUTIONAL,,,,,Interventional,No,Abstracted,07/22/2019,,,,,,Case Comprehensive Cancer Center,07/18/2019,Ready for Trial Summary Report Date,07/22/2019,Registry,2,,Ready for TSR Submission,07/18/2019,,07/18/2019,07/18/2019,"Otubu, Temisan",07/18/2019,,,,,,,,,,07/18/2019,"gillh, Hannah Gill",07/18/2019,07/19/2019,"Gebeniene, Elena",07/19/2019,07/19/2019,"chengi, Iris Cheng",07/19/2019,07/22/2019,"Titanwa, Florence",07/22/2019,,,,,,,,,,,,,,,
2019-04956,Complete,07/18/2019,08/01/2019,,07/18/2019,07/18/2019,07/19/2019,07/19/2019,07/22/2019,,,University of Wisconsin Hospital and Clinics,249492,,,,,,INSTITUTIONAL,,,,,Interventional,No,Accepted,07/18/2019,,,,,,University of Wisconsin Hospital and Clinics,07/18/2019,Scientific QC Completed Date,07/22/2019,Registry,2,,,07/18/2019,,07/18/2019,07/18/2019,"Otubu, Temisan",07/18/2019,,,,,,,,,,07/18/2019,"gillh, Hannah Gill",07/18/2019,07/19/2019,"Gebeniene, Elena",07/19/2019,07/19/2019,"chengi, Iris Cheng",07/19/2019,07/22/2019,"Appiah, Cecilia",07/22/2019,,,,,,,,,,,,,,,
2019-04887,Complete,07/16/2019,08/01/2019,,07/17/2019,07/18/2019,07/19/2019,07/18/2019,07/22/2019,07/22/2019,,Indiana University/Melvin and Bren Simon Cancer Center,105418,,,,,,INSTITUTIONAL,07/16/2019,07/17/2019,Submission Incomplete,Can you please provide the IRB that approves the Informed Consent version date 05/22/2019? Thanks.,Interventional,No,Abstracted,07/22/2019,,,,,,Indiana University/Melvin and Bren Simon Cancer Center,07/16/2019,Ready for Trial Summary Report Date,07/22/2019,Registry,2,,Ready for TSR Submission,07/16/2019,,07/16/2019,07/17/2019,"Otubu, Temisan",07/17/2019,,,,,,,,,,07/18/2019,"gillh, Hannah Gill",07/18/2019,07/19/2019,"Gebeniene, Elena",07/19/2019,07/18/2019,"Titanwa, Florence",07/18/2019,07/22/2019,"Caesar-Johnson, Samantha",07/22/2019,,,,,,,,,,,,,,,
2019-04959,Complete,07/18/2019,08/01/2019,,07/18/2019,07/18/2019,07/19/2019,07/22/2019,07/23/2019,07/23/2019,,M D Anderson Cancer Center,227400,,,,,,INSTITUTIONAL,,,,,Interventional,No,Abstracted,07/23/2019,,,,,,M D Anderson Cancer Center,07/18/2019,Ready for Trial Summary Report Date,07/23/2019,Registry,2,,Ready for TSR Submission,07/18/2019,,07/18/2019,07/18/2019,"Otubu, Temisan",07/18/2019,,,,,,,,,,07/18/2019,"gillh, Hannah Gill",07/18/2019,07/19/2019,"Gebeniene, Elena",07/19/2019,07/22/2019,"Flumer, Carly",07/22/2019,07/23/2019,"Caesar-Johnson, Samantha",07/23/2019,,,,,,,,,,,,,,,
2019-04960,Complete,07/18/2019,08/01/2019,,07/19/2019,07/19/2019,07/22/2019,07/22/2019,07/22/2019,07/22/2019,,Adult Brain Tumor Consortium,3486749,NCT03971734,ABTC-1804,,,,NATIONAL,,,,,Interventional,No,Abstracted,07/22/2019,,,,,CTEP,Cancer Therapy Evaluation Program,07/18/2019,Ready for Trial Summary Report Date,07/22/2019,REST Service,2,,Ready for TSR Submission,07/18/2019,"System-Account, CTEP",07/18/2019,07/19/2019,"such, Chun-Hui Su",07/19/2019,,,,,,,,,,07/19/2019,"gillh, Hannah Gill",07/19/2019,07/22/2019,"Gebeniene, Elena",07/22/2019,07/22/2019,"Titanwa, Florence",07/22/2019,07/22/2019,"buchanani, Ian Buchanan",07/22/2019,,,,,,,,,,,,,,,
2019-04922,Complete,07/17/2019,08/02/2019,,07/18/2019,07/19/2019,07/19/2019,07/19/2019,07/22/2019,07/22/2019,,Northwestern University,95754,,,,,,INSTITUTIONAL,07/17/2019,07/18/2019,Submission Incomplete -- Missing Documents,Trial placed on hold because protocol is not provided. Please provide the protocol (file name: NU 18C02 Protocol Amendment 2 (updated) dated 5.15.19).,Interventional,No,Abstracted,07/22/2019,,,,,,Northwestern University,07/17/2019,Ready for Trial Summary Report Date,07/22/2019,Registry,2,,Ready for TSR Submission,07/17/2019,,07/17/2019,07/18/2019,"such, Chun-Hui Su",07/18/2019,,,,,,,,,,07/19/2019,"Otubu, Temisan",07/19/2019,07/19/2019,"gillh, Hannah Gill",07/19/2019,07/19/2019,"Caesar-Johnson, Samantha",07/19/2019,07/22/2019,"Crowner, Ashley",07/22/2019,,,,,,,,,,,,,,,
2019-04986,Complete,07/19/2019,08/02/2019,,07/19/2019,07/22/2019,07/22/2019,,,,,M D Anderson Cancer Center,227400,,,,,,INSTITUTIONAL,,,,,Interventional,No,Accepted,07/19/2019,,,,,,M D Anderson Cancer Center,07/19/2019,Administrative QC Completed Date,07/22/2019,Registry,2,,Ready for Scientific Processing,07/19/2019,,07/19/2019,07/19/2019,"johnsonj, Julie Johnson",07/19/2019,,,,,,,,,,07/22/2019,"gillh, Hannah Gill",07/22/2019,07/22/2019,"Gebeniene, Elena",07/22/2019,,,,,,,,,,,,,,,,,,,,,
2019-04859,Complete,07/15/2019,08/02/2019,,07/18/2019,07/19/2019,07/19/2019,07/19/2019,07/19/2019,07/19/2019,,Roswell Park Cancer Institute,173939,,,,,,INSTITUTIONAL,07/15/2019,07/18/2019,Submission Incomplete -- Missing Documents,IRB approval document was not submitted. Please provide IRB approval dated 06/13/2019.,Interventional,No,Abstracted,07/19/2019,,,,,,Roswell Park Cancer Institute,07/15/2019,Ready for Trial Summary Report Date,07/19/2019,Registry,2,,Ready for TSR Submission,07/15/2019,,07/15/2019,07/18/2019,"johnsonj, Julie Johnson",07/18/2019,,,,,,,,,,07/19/2019,"such, Chun-Hui Su",07/19/2019,07/19/2019,"gillh, Hannah Gill",07/19/2019,07/19/2019,"Appiah, Cecilia",07/19/2019,07/19/2019,"Chen, Sisi",07/19/2019,,,,,,,,,,,,,,,
2019-04987,Complete,07/19/2019,08/02/2019,,07/19/2019,07/22/2019,07/22/2019,07/22/2019,07/24/2019,07/24/2019,,M D Anderson Cancer Center,227400,,,,,,INSTITUTIONAL,,,,,Interventional,No,Abstracted,07/24/2019,,,,,,M D Anderson Cancer Center,07/19/2019,Ready for Trial Summary Report Date,07/24/2019,Registry,2,,Ready for TSR Submission,07/19/2019,,07/19/2019,07/19/2019,"johnsonj, Julie Johnson",07/19/2019,,,,,,,,,,07/22/2019,"gillh, Hannah Gill",07/22/2019,07/22/2019,"Gebeniene, Elena",07/22/2019,07/22/2019,"chengi, Iris Cheng",07/22/2019,07/24/2019,"Caesar-Johnson, Samantha",07/24/2019,,,,,,,,,,,,,,,
2019-04988,Complete,07/19/2019,08/02/2019,,07/22/2019,07/22/2019,07/22/2019,07/22/2019,07/24/2019,07/24/2019,,UNC Lineberger Comprehensive Cancer Center,149190,NCT03785782,,,,,INSTITUTIONAL,,,,,Interventional,No,Abstracted,07/24/2019,,,,,,UNC Lineberger Comprehensive Cancer Center,07/19/2019,Ready for Trial Summary Report Date,07/24/2019,Registry,2,,Ready for TSR Submission,07/19/2019,,07/19/2019,07/22/2019,"margolinr, Raisa Margolin",07/22/2019,,,,,,,,,,07/22/2019,"Otubu, Temisan",07/22/2019,07/22/2019,"Gebeniene, Elena",07/22/2019,07/22/2019,"chengi, Iris Cheng",07/22/2019,07/24/2019,"Chen, Sisi",07/24/2019,,,,,,,,,,,,,,,
2019-04990,Complete,07/19/2019,08/02/2019,,07/22/2019,07/22/2019,07/23/2019,07/23/2019,07/24/2019,07/24/2019,,SWOG,220068,,S1820,SWOG-S1820,,,NATIONAL,,,,,Interventional,No,Abstracted,07/24/2019,,,,,DCP,National Cancer Institute Division of Cancer Prevention,07/19/2019,Ready for Trial Summary Report Date,07/24/2019,REST Service,2,,Ready for TSR Submission,07/19/2019,"PIO, DCP",07/19/2019,07/22/2019,"such, Chun-Hui Su",07/22/2019,,,,,,,,,,07/22/2019,"gillh, Hannah Gill",07/22/2019,07/23/2019,"Gebeniene, Elena",07/23/2019,07/23/2019,"Flumer, Carly",07/23/2019,07/24/2019,"Crowner, Ashley",07/24/2019,,,,,,,,,,,,,,,
2019-04991,Complete,07/19/2019,08/02/2019,,07/22/2019,07/22/2019,07/22/2019,07/23/2019,07/24/2019,07/24/2019,,M D Anderson Cancer Center,227400,,,,,,INSTITUTIONAL,,,,,Interventional,No,Abstracted,07/24/2019,,,,,,M D Anderson Cancer Center,07/19/2019,Ready for Trial Summary Report Date,07/24/2019,Registry,2,,Ready for TSR Submission,07/19/2019,,07/19/2019,07/22/2019,"such, Chun-Hui Su",07/22/2019,,,,,,,,,,07/22/2019,"Otubu, Temisan",07/22/2019,07/22/2019,"Gebeniene, Elena",07/22/2019,07/23/2019,"chengi, Iris Cheng",07/23/2019,07/24/2019,"Titanwa, Florence",07/24/2019,,,,,,,,,,,,,,,
2019-05051,Complete,07/21/2019,08/02/2019,,07/22/2019,07/22/2019,07/23/2019,07/23/2019,,,,Vanderbilt University/Ingram Cancer Center,221306,,,,,,INSTITUTIONAL,,,,,Interventional,No,Accepted,07/22/2019,,,,,,Vanderbilt University/Ingram Cancer Center,07/21/2019,Ready for Scientific QC Date,07/23/2019,Registry,2,,Ready for Scientific QC,07/21/2019,,07/21/2019,07/22/2019,"such, Chun-Hui Su",07/22/2019,,,,,,,,,,07/22/2019,"Otubu, Temisan",07/22/2019,07/23/2019,"gillh, Hannah Gill",07/23/2019,07/23/2019,"Caesar-Johnson, Samantha",07/23/2019,,,,,,,,,,,,,,,,,,
2019-04992,Complete,07/19/2019,08/02/2019,,07/22/2019,07/22/2019,07/23/2019,07/23/2019,,,,M D Anderson Cancer Center,227400,,,,,,INSTITUTIONAL,,,,,Interventional,No,Accepted,07/22/2019,,,,,,M D Anderson Cancer Center,07/19/2019,Ready for Scientific QC Date,07/23/2019,Registry,2,,Ready for Scientific QC,07/19/2019,,07/19/2019,07/22/2019,"such, Chun-Hui Su",07/22/2019,,,,,,,,,,07/22/2019,"gillh, Hannah Gill",07/22/2019,07/23/2019,"Gebeniene, Elena",07/23/2019,07/23/2019,"Flumer, Carly",07/23/2019,,,,,,,,,,,,,,,,,,
2012-02178,Amendment,06/07/2019,08/02/2019,07/05/2019,06/27/2019,07/05/2019,,,,,,UCLA / Jonsson Comprehensive Cancer Center,37404,NCT01410630,,,,1,EXTERNALLY_PEER_REVIEWED,07/05/2019,,Other,Trial placed on hold per Scientific Team request per EW# 87132 to request Eligibility Criteria. The documentation provided does not include the Eligibility Criteria.,Interventional,No,On-Hold,07/05/2019,,,,,,UCLA / Jonsson Comprehensive Cancer Center,06/07/2019,Scientific Processing Start Date,07/05/2019,,2,"When processing, please make sure to add Aachen University (as requested in CRM 32909 - confirmed in protocol document and additional participating site list) as a participant - SK 11/25/2014","On hold since 07/05/2019 , reason: Other",06/07/2019,,06/07/2019,06/27/2019,"Perez, Jaliza",06/27/2019,,,,,,,,,,07/05/2019,"margolinr, Raisa Margolin",07/05/2019,,,,,,,,,,,,,,,,,,,,,,,,
2019-05018,Complete,07/20/2019,08/02/2019,,07/22/2019,07/22/2019,07/23/2019,,,,,USC / Norris Comprehensive Cancer Center,37550,,,,,,INSTITUTIONAL,,,,,Interventional,No,Accepted,07/22/2019,,,,,,USC / Norris Comprehensive Cancer Center,07/20/2019,Administrative QC Completed Date,07/23/2019,Registry,2,,Ready for Scientific Processing,07/20/2019,,07/20/2019,07/22/2019,"such, Chun-Hui Su",07/22/2019,,,,,,,,,,07/22/2019,"gillh, Hannah Gill",07/22/2019,07/23/2019,"Gebeniene, Elena",07/23/2019,,,,,,,,,,,,,,,,,,,,,
2019-05088,Complete,07/22/2019,08/05/2019,,07/22/2019,07/23/2019,07/23/2019,07/23/2019,07/24/2019,07/24/2019,,University of Alabama at Birmingham Cancer Center,25448,NCT03458234,,,,,INSTITUTIONAL,,,,,Interventional,No,Abstracted,07/24/2019,,,,,,University of Alabama at Birmingham Cancer Center,07/22/2019,Ready for Trial Summary Report Date,07/24/2019,Registry,2,,Ready for TSR Submission,07/22/2019,,07/22/2019,07/22/2019,"johnsonj, Julie Johnson",07/22/2019,,,,,,,,,,07/23/2019,"such, Chun-Hui Su",07/23/2019,07/23/2019,"gillh, Hannah Gill",07/23/2019,07/23/2019,"Chen, Sisi",07/23/2019,07/24/2019,"Crowner, Ashley",07/24/2019,,,,,,,,,,,,,,,
2019-05091,Complete,07/22/2019,08/05/2019,,07/23/2019,07/23/2019,07/24/2019,,,,,University of Alabama at Birmingham Cancer Center,25448,NCT03643861,,,,,INSTITUTIONAL,,,,,Interventional,No,Accepted,07/23/2019,,,,,,University of Alabama at Birmingham Cancer Center,07/22/2019,Administrative QC Completed Date,07/24/2019,Registry,2,,Ready for Scientific Processing,07/22/2019,,07/22/2019,07/23/2019,"margolinr, Raisa Margolin",07/23/2019,,,,,,,,,,07/23/2019,"johnsonj, Julie Johnson",07/23/2019,07/24/2019,"Gebeniene, Elena",07/24/2019,,,,,,,,,,,,,,,,,,,,,
2016-00787,Amendment,07/22/2019,08/05/2019,,07/23/2019,07/24/2019,,07/23/2019,07/23/2019,,,National Cancer Institute Developmental Therapeutics Clinic,10265499,NCT03030417,10002,,,13,EXTERNALLY_PEER_REVIEWED,,,,,Interventional,Yes,Accepted,07/23/2019,,,,,CTEP,Cancer Therapy Evaluation Program,07/22/2019,Ready for Administrative QC Date,07/24/2019,REST Service,2,,Ready for Admin QC,07/22/2019,"System-Account, CTEP",07/22/2019,07/23/2019,"gillh, Hannah Gill",07/23/2019,,,,,,,,,,07/24/2019,"Otubu, Temisan",07/24/2019,,,,07/23/2019,"chengi, Iris Cheng",07/23/2019,07/23/2019,"Titanwa, Florence",07/23/2019,,,,,,,,,,,,,,,
2016-01040,Amendment,07/22/2019,08/05/2019,,07/23/2019,07/24/2019,,07/23/2019,07/23/2019,,,National Cancer Institute LAO,37942400,NCT03141684,10005,,,14,NATIONAL,,,,,Interventional,Yes,Accepted,07/23/2019,,,,,CTEP,Cancer Therapy Evaluation Program,07/22/2019,Ready for Administrative QC Date,07/24/2019,REST Service,2,2016-10-18 - script PO-9914 updated the DT4 Sponsor from Cancer Therapy Evaluation Program to National Cancer Institute .Added RSS as a trial owner via a script on 12/04/2017. Ref: https://fnlcr.teamwork.com/desk/#/tickets/187440,Ready for Admin QC,07/22/2019,"System-Account, CTEP",07/22/2019,07/23/2019,"gillh, Hannah Gill",07/23/2019,,,,,,,,,,07/24/2019,"such, Chun-Hui Su",07/24/2019,,,,07/23/2019,"Chen, Sisi",07/23/2019,07/23/2019,"buchanani, Ian Buchanan",07/23/2019,,,,,,,,,,,,,,,
2015-01643,Amendment,07/22/2019,08/05/2019,,07/23/2019,,,07/23/2019,07/23/2019,,"such, Chun-Hui Su (AD)",JHU Sidney Kimmel Comprehensive Cancer Center LAO,37888384,NCT02567422,9950,,,10,NATIONAL,,,,,Interventional,Yes,Accepted,07/23/2019,such,07/24/2019,,,CTEP,Cancer Therapy Evaluation Program,07/22/2019,Scientific QC Completed Date,07/23/2019,REST Service,2,Added RSS as a trial owner via a script on 12/04/2017. Ref: https://fnlcr.teamwork.com/desk/#/tickets/187440. A site was deleted tw1201138,,07/22/2019,"System-Account, CTEP",07/22/2019,07/23/2019,"gillh, Hannah Gill",07/23/2019,,,,,,,,,,,,,,,,07/23/2019,"Chen, Sisi",07/23/2019,07/23/2019,"Caesar-Johnson, Samantha",07/23/2019,,,,,,,,,,,,,,,
2013-00877,Amendment,07/22/2019,08/05/2019,,07/23/2019,,,07/23/2019,07/23/2019,,,National Cancer Institute Developmental Therapeutics Clinic,10265499,NCT01851369,9483,,,35,EXTERNALLY_PEER_REVIEWED,,,,,Interventional,Yes,Accepted,07/23/2019,,,,,CTEP,Cancer Therapy Evaluation Program,07/22/2019,Scientific QC Completed Date,07/23/2019,REST Service,2,,,07/22/2019,"System-Account, CTEP",07/22/2019,07/23/2019,"gillh, Hannah Gill",07/23/2019,,,,,,,,,,,,,,,,07/23/2019,"Flumer, Carly",07/23/2019,07/23/2019,"buchanani, Ian Buchanan",07/23/2019,,,,,,,,,,,,,,,
2018-01903,Amendment,07/22/2019,08/05/2019,,07/23/2019,,,07/23/2019,07/23/2019,,,AIDS Malignancy Consortium,27984,NCT03834571,AMC-102,,,2,NATIONAL,,,,,Interventional,No,Accepted,07/23/2019,,,,,CTEP,Cancer Therapy Evaluation Program,07/22/2019,Scientific QC Completed Date,07/23/2019,REST Service,2,,,07/22/2019,"System-Account, CTEP",07/22/2019,07/23/2019,"gillh, Hannah Gill",07/23/2019,,,,,,,,,,,,,,,,07/23/2019,"Appiah, Cecilia",07/23/2019,07/23/2019,"Crowner, Ashley",07/23/2019,,,,,,,,,,,,,,,
2013-01340,Amendment,07/22/2019,08/05/2019,,07/23/2019,,,07/23/2019,07/23/2019,,,Alliance for Clinical Trials in Oncology,35276867,NCT01953588,A011106,,,19,NATIONAL,,,,,Interventional,No,Accepted,07/23/2019,,,,,CTEP,Cancer Therapy Evaluation Program,07/22/2019,Scientific QC Completed Date,07/23/2019,REST Service,2,Added RSS as a trial owner via a script on 12/04/2017. Ref: https://fnlcr.teamwork.com/desk/#/tickets/187440.A site was deleted tw1201138,,07/22/2019,"System-Account, CTEP",07/22/2019,07/23/2019,"gillh, Hannah Gill",07/23/2019,,,,,,,,,,,,,,,,07/23/2019,"chengi, Iris Cheng",07/23/2019,07/23/2019,"buchanani, Ian Buchanan",07/23/2019,,,,,,,,,,,,,,,
2019-00572,Amendment,07/22/2019,08/05/2019,,07/23/2019,,,07/23/2019,07/23/2019,,"such, Chun-Hui Su (AD)",Ohio State University Comprehensive Cancer Center LAO,37887250,NCT03831932,10216,,,2,NATIONAL,,,,,Interventional,Yes,Accepted,07/23/2019,such,07/24/2019,,,CTEP,Cancer Therapy Evaluation Program,07/22/2019,Scientific QC Completed Date,07/23/2019,REST Service,2,,,07/22/2019,"System-Account, CTEP",07/22/2019,07/23/2019,"gillh, Hannah Gill",07/23/2019,,,,,,,,,,,,,,,,07/23/2019,"Chen, Sisi",07/23/2019,07/23/2019,"buchanani, Ian Buchanan",07/23/2019,,,,,,,,,,,,,,,
2019-05084,Complete,07/22/2019,08/06/2019,,07/22/2019,07/24/2019,07/24/2019,07/24/2019,,,,University of Alabama at Birmingham Cancer Center,25448,NCT03501979,,,,,INSTITUTIONAL,07/22/2019,07/22/2019,Submission Incomplete -- Missing Documents,Trial placed on hold because the most current provided IRB is expired on 06/26/2019. Please provide an unexpired IRB. If a new IRB approves more recent protocol and consent form. Please also provide it as well.,Interventional,No,Accepted,07/22/2019,,,,,,University of Alabama at Birmingham Cancer Center,07/22/2019,Administrative QC Completed Date,07/24/2019,Registry,2,,,07/22/2019,,07/22/2019,07/22/2019,"such, Chun-Hui Su",07/22/2019,,,,,,,,,,07/24/2019,"gillh, Hannah Gill",07/24/2019,07/24/2019,"Gebeniene, Elena",07/24/2019,07/24/2019,"Titanwa, Florence",07/24/2019,,,,,,,,,,,,,,,,,,
2019-04955,Complete,07/18/2019,08/06/2019,,07/18/2019,07/18/2019,07/23/2019,07/19/2019,,,,University of Pennsylvania/Abramson Cancer Center,198713,,,,,,INSTITUTIONAL,07/22/2019,07/23/2019,Other,"Trial placed on hold to obtain an unexpired IRB (the stamp on Consent form shows that IRB expired on 04/02/2018), or the confirmation that the submitted IRB is still valid.
The outreach is submitted by the abstractor.",Non-interventional,No,Accepted,07/23/2019,,,,,,University of Pennsylvania/Abramson Cancer Center,07/18/2019,Administrative QC Completed Date,07/23/2019,Registry,2,,,07/18/2019,,07/18/2019,07/18/2019,"Otubu, Temisan",07/18/2019,,,,,,,,,,07/18/2019,"gillh, Hannah Gill",07/18/2019,07/23/2019,"Gebeniene, Elena",07/23/2019,07/19/2019,"Flumer, Carly",07/19/2019,,,,,,,,,,,,,,,,,,
2019-05118,Complete,07/23/2019,08/06/2019,,07/23/2019,07/24/2019,07/24/2019,07/24/2019,,,,Emory University Hospital/Winship Cancer Institute,81829,,,,,,INSTITUTIONAL,,,,,Interventional,No,Accepted,07/23/2019,,,,,,Emory University Hospital/Winship Cancer Institute,07/23/2019,Administrative QC Completed Date,07/24/2019,Registry,2,,,07/23/2019,,07/23/2019,07/23/2019,"gillh, Hannah Gill",07/23/2019,,,,,,,,,,07/24/2019,"Otubu, Temisan",07/24/2019,07/24/2019,"Gebeniene, Elena",07/24/2019,07/24/2019,"chengi, Iris Cheng",07/24/2019,,,,,,,,,,,,,,,,,,
2019-05119,Complete,07/23/2019,08/06/2019,,07/23/2019,07/24/2019,07/24/2019,07/24/2019,07/24/2019,07/24/2019,,University of Pennsylvania/Abramson Cancer Center,198713,NCT02906787,,,,,EXTERNALLY_PEER_REVIEWED,,,,,Interventional,No,Abstracted,07/24/2019,,,,,,University of Pennsylvania/Abramson Cancer Center,07/23/2019,Ready for Trial Summary Report Date,07/24/2019,Registry,2,,Ready for TSR Submission,07/23/2019,,07/23/2019,07/23/2019,"gillh, Hannah Gill",07/23/2019,,,,,,,,,,07/24/2019,"Otubu, Temisan",07/24/2019,07/24/2019,"Gebeniene, Elena",07/24/2019,07/24/2019,"Flumer, Carly",07/24/2019,07/24/2019,"Chen, Sisi",07/24/2019,,,,,,,,,,,,,,,
2019-04854,Complete,07/15/2019,08/06/2019,,07/22/2019,07/22/2019,07/24/2019,07/23/2019,07/24/2019,07/24/2019,,Children's Hospital Colorado,58509,NCT03970226,,,,,EXTERNALLY_PEER_REVIEWED,07/19/2019,07/22/2019,Other,"Per EW# 95714, reach out to request the most current protocol and consent because PI has been changed.",Interventional,No,Abstracted,07/24/2019,,,,,,University of Colorado,07/15/2019,Ready for Trial Summary Report Date,07/24/2019,Registry,2,,Ready for TSR Submission,07/15/2019,,07/15/2019,07/22/2019,"such, Chun-Hui Su",07/22/2019,,,,,,,,,,07/22/2019,"gillh, Hannah Gill",07/22/2019,07/24/2019,"Gebeniene, Elena",07/24/2019,07/23/2019,"Crowner, Ashley",07/23/2019,07/24/2019,"Chen, Sisi",07/24/2019,,,,,,,,,,,,,,,
2019-05121,Complete,07/23/2019,08/06/2019,,07/23/2019,07/24/2019,07/24/2019,07/24/2019,,,,Memorial Sloan Kettering Cancer Center,170680,NCT04019327,,,,,INSTITUTIONAL,,,,,Interventional,No,Accepted,07/23/2019,,,,,,Memorial Sloan Kettering Cancer Center,07/23/2019,Administrative QC Completed Date,07/24/2019,Registry,2,,,07/23/2019,,07/23/2019,07/23/2019,"Otubu, Temisan",07/23/2019,,,,,,,,,,07/24/2019,"gillh, Hannah Gill",07/24/2019,07/24/2019,"Gebeniene, Elena",07/24/2019,07/24/2019,"chengi, Iris Cheng",07/24/2019,,,,,,,,,,,,,,,,,,
2019-05122,Complete,07/23/2019,08/06/2019,,07/23/2019,07/24/2019,07/24/2019,07/24/2019,,,,Memorial Sloan Kettering Cancer Center,170680,NCT04017962,,,,,INSTITUTIONAL,,,,,Interventional,No,Accepted,07/23/2019,,,,,,Memorial Sloan Kettering Cancer Center,07/23/2019,Administrative QC Completed Date,07/24/2019,Registry,2,,,07/23/2019,,07/23/2019,07/23/2019,"Otubu, Temisan",07/23/2019,,,,,,,,,,07/24/2019,"gillh, Hannah Gill",07/24/2019,07/24/2019,"Gebeniene, Elena",07/24/2019,07/24/2019,"Flumer, Carly",07/24/2019,,,,,,,,,,,,,,,,,,
2019-05123,Complete,07/23/2019,08/06/2019,,07/23/2019,07/24/2019,07/24/2019,07/24/2019,,,,Memorial Sloan Kettering Cancer Center,170680,NCT04022213,,,,,INSTITUTIONAL,,,,,Interventional,No,Accepted,07/23/2019,,,,,,Memorial Sloan Kettering Cancer Center,07/23/2019,Administrative QC Completed Date,07/24/2019,Registry,2,,,07/23/2019,,07/23/2019,07/23/2019,"Otubu, Temisan",07/23/2019,,,,,,,,,,07/24/2019,"johnsonj, Julie Johnson",07/24/2019,07/24/2019,"Gebeniene, Elena",07/24/2019,07/24/2019,"Appiah, Cecilia",07/24/2019,,,,,,,,,,,,,,,,,,
2019-05124,Complete,07/23/2019,08/06/2019,,07/23/2019,07/24/2019,07/24/2019,,,,,Memorial Sloan Kettering Cancer Center,170680,NCT03999710,,,,,INSTITUTIONAL,,,,,Interventional,No,Accepted,07/23/2019,,,,,,Memorial Sloan Kettering Cancer Center,07/23/2019,Administrative QC Completed Date,07/24/2019,Registry,2,,Ready for Scientific Processing,07/23/2019,,07/23/2019,07/23/2019,"Otubu, Temisan",07/23/2019,,,,,,,,,,07/24/2019,"gillh, Hannah Gill",07/24/2019,07/24/2019,"Gebeniene, Elena",07/24/2019,,,,,,,,,,,,,,,,,,,,,
2019-05125,Complete,07/23/2019,08/06/2019,,07/23/2019,07/24/2019,,,,,,University of Nebraska Medical Center,156522,NCT03932643,,,,,INSTITUTIONAL,,,,,Interventional,No,Accepted,07/23/2019,,,,,,University of Nebraska Medical Center,07/23/2019,Ready for Administrative QC Date,07/24/2019,Registry,2,,Ready for Admin QCReady for Scientific Processing,07/23/2019,,07/23/2019,07/23/2019,"Otubu, Temisan",07/23/2019,,,,,,,,,,07/24/2019,"gillh, Hannah Gill",07/24/2019,,,,,,,,,,,,,,,,,,,,,,,,
2019-04294,Amendment,07/23/2019,08/06/2019,,07/23/2019,07/24/2019,,07/24/2019,07/24/2019,,,Memorial Sloan Kettering Cancer Center,170680,NCT03996239,,,,2,INSTITUTIONAL,,,,,Interventional,No,Accepted,07/23/2019,,,,,,Memorial Sloan Kettering Cancer Center,07/23/2019,Scientific QC Completed Date,07/24/2019,Registry,2,,,07/23/2019,,07/23/2019,07/23/2019,"Otubu, Temisan",07/23/2019,,,,,,,,,,07/24/2019,"johnsonj, Julie Johnson",07/24/2019,,,,07/24/2019,"Titanwa, Florence",07/24/2019,07/24/2019,"Crowner, Ashley",07/24/2019,,,,,,,,,,,,,,,
2019-03140,Amendment,07/23/2019,08/06/2019,,07/23/2019,07/24/2019,,07/24/2019,07/24/2019,,,Memorial Sloan Kettering Cancer Center,170680,NCT03929822,,,,1,INSTITUTIONAL,,,,,Interventional,No,Accepted,07/23/2019,,,,,,Memorial Sloan Kettering Cancer Center,07/23/2019,Scientific QC Completed Date,07/24/2019,Registry,2,,,07/23/2019,,07/23/2019,07/23/2019,"Otubu, Temisan",07/23/2019,,,,,,,,,,07/24/2019,"gillh, Hannah Gill",07/24/2019,,,,07/24/2019,"chengi, Iris Cheng",07/24/2019,07/24/2019,"Titanwa, Florence",07/24/2019,,,,,,,,,,,,,,,
2019-04127,Amendment,07/23/2019,08/06/2019,,07/23/2019,07/24/2019,,07/24/2019,07/24/2019,,,Memorial Sloan Kettering Cancer Center,170680,NCT03988595,,,,2,INSTITUTIONAL,,,,,Interventional,No,Accepted,07/23/2019,,,,,,Memorial Sloan Kettering Cancer Center,07/23/2019,Scientific QC Completed Date,07/24/2019,Registry,2,,,07/23/2019,,07/23/2019,07/23/2019,"Otubu, Temisan",07/23/2019,,,,,,,,,,07/24/2019,"gillh, Hannah Gill",07/24/2019,,,,07/24/2019,"Caesar-Johnson, Samantha",07/24/2019,07/24/2019,"buchanani, Ian Buchanan",07/24/2019,,,,,,,,,,,,,,,
2019-01259,Amendment,07/23/2019,08/06/2019,,07/23/2019,07/24/2019,,07/24/2019,07/24/2019,,,Wake Forest University Health Sciences,149074,NCT03867175,,,,5,INSTITUTIONAL,,,,,Interventional,No,Accepted,07/23/2019,,,,,,Wake Forest University Health Sciences,07/23/2019,Scientific QC Completed Date,07/24/2019,Registry,2,,,07/23/2019,,07/23/2019,07/23/2019,"Otubu, Temisan",07/23/2019,,,,,,,,,,07/24/2019,"johnsonj, Julie Johnson",07/24/2019,,,,07/24/2019,"chengi, Iris Cheng",07/24/2019,07/24/2019,"Crowner, Ashley",07/24/2019,,,,,,,,,,,,,,,
2019-03476,Amendment,07/23/2019,08/06/2019,,07/23/2019,07/24/2019,,07/24/2019,07/24/2019,,,Memorial Sloan Kettering Cancer Center,170680,NCT03956095,,,,1,INSTITUTIONAL,,,,,Non-interventional,No,Accepted,07/23/2019,,,,,,Memorial Sloan Kettering Cancer Center,07/23/2019,Scientific QC Completed Date,07/24/2019,Registry,2,,,07/23/2019,,07/23/2019,07/23/2019,"Otubu, Temisan",07/23/2019,,,,,,,,,,07/24/2019,"gillh, Hannah Gill",07/24/2019,,,,07/24/2019,"Chen, Sisi",07/24/2019,07/24/2019,"buchanani, Ian Buchanan",07/24/2019,,,,,,,,,,,,,,,
2019-01454,Amendment,07/23/2019,08/06/2019,,07/23/2019,07/24/2019,,07/24/2019,07/24/2019,,,Memorial Sloan Kettering Cancer Center,170680,NCT03843775,,,,5,INSTITUTIONAL,,,,,Interventional,No,Accepted,07/23/2019,,,,,,Memorial Sloan Kettering Cancer Center,07/23/2019,Scientific QC Completed Date,07/24/2019,Registry,2,,,07/23/2019,,07/23/2019,07/23/2019,"Otubu, Temisan",07/23/2019,,,,,,,,,,07/24/2019,"gillh, Hannah Gill",07/24/2019,,,,07/24/2019,"chengi, Iris Cheng",07/24/2019,07/24/2019,"buchanani, Ian Buchanan",07/24/2019,,,,,,,,,,,,,,,
2019-01423,Amendment,07/23/2019,08/06/2019,,07/23/2019,07/24/2019,,07/23/2019,07/24/2019,,,Memorial Sloan Kettering Cancer Center,170680,NCT03856086,,,,3,INSTITUTIONAL,,,,,Interventional,No,Accepted,07/23/2019,,,,,,Memorial Sloan Kettering Cancer Center,07/23/2019,Ready for Administrative QC Date,07/24/2019,Registry,2,,Ready for Admin QC,07/23/2019,,07/23/2019,07/23/2019,"Otubu, Temisan",07/23/2019,,,,,,,,,,07/24/2019,"gillh, Hannah Gill",07/24/2019,,,,07/23/2019,"Appiah, Cecilia",07/23/2019,07/24/2019,"Caesar-Johnson, Samantha",07/24/2019,,,,,,,,,,,,,,,
2019-01425,Amendment,07/23/2019,08/06/2019,,07/23/2019,07/24/2019,,07/24/2019,07/24/2019,,,Memorial Sloan Kettering Cancer Center,170680,NCT03813615,,,,3,INSTITUTIONAL,,,,,Interventional,No,Accepted,07/23/2019,,,,,,Memorial Sloan Kettering Cancer Center,07/23/2019,Scientific QC Completed Date,07/24/2019,Registry,2,,,07/23/2019,,07/23/2019,07/23/2019,"Otubu, Temisan",07/23/2019,,,,,,,,,,07/24/2019,"gillh, Hannah Gill",07/24/2019,,,,07/24/2019,"chengi, Iris Cheng",07/24/2019,07/24/2019,"Titanwa, Florence",07/24/2019,,,,,,,,,,,,,,,
2019-02286,Amendment,07/23/2019,08/06/2019,,07/23/2019,07/23/2019,,07/24/2019,07/24/2019,,,Memorial Sloan Kettering Cancer Center,170680,NCT03879798,,,,2,INSTITUTIONAL,,,,,Interventional,No,Accepted,07/23/2019,,,,,,Memorial Sloan Kettering Cancer Center,07/23/2019,Scientific QC Completed Date,07/24/2019,Registry,2,,,07/23/2019,,07/23/2019,07/23/2019,"Otubu, Temisan",07/23/2019,,,,,,,,,,07/23/2019,"johnsonj, Julie Johnson",07/23/2019,,,,07/24/2019,"Chen, Sisi",07/24/2019,07/24/2019,"Crowner, Ashley",07/24/2019,,,,,,,,,,,,,,,
2019-03271,Amendment,07/23/2019,08/06/2019,,07/23/2019,07/24/2019,,07/24/2019,07/24/2019,,,Memorial Sloan Kettering Cancer Center,170680,NCT03794635,,,,3,EXTERNALLY_PEER_REVIEWED,,,,,Interventional,No,Accepted,07/23/2019,,,,,,Memorial Sloan Kettering Cancer Center,07/23/2019,Scientific QC Completed Date,07/24/2019,Registry,2,,,07/23/2019,,07/23/2019,07/23/2019,"margolinr, Raisa Margolin",07/23/2019,,,,,,,,,,07/24/2019,"Otubu, Temisan",07/24/2019,,,,07/24/2019,"chengi, Iris Cheng",07/24/2019,07/24/2019,"Crowner, Ashley",07/24/2019,,,,,,,,,,,,,,,
2019-00436,Amendment,07/23/2019,08/06/2019,,07/23/2019,07/24/2019,,07/24/2019,,,"Appiah, Cecilia (SC)",Memorial Sloan Kettering Cancer Center,170680,NCT03808337,,,,6,INSTITUTIONAL,,,,,Interventional,No,Accepted,07/23/2019,,,appiahca,07/25/2019,,Memorial Sloan Kettering Cancer Center,07/23/2019,Ready for Scientific QC Date,07/24/2019,Registry,2,,Ready for Scientific QC,07/23/2019,,07/23/2019,07/23/2019,"margolinr, Raisa Margolin",07/23/2019,,,,,,,,,,07/24/2019,"Otubu, Temisan",07/24/2019,,,,07/24/2019,"chengi, Iris Cheng",07/24/2019,,,,,,,,,,,,,,,,,,
2019-01064,Amendment,07/23/2019,08/06/2019,,07/23/2019,07/24/2019,,07/24/2019,07/24/2019,,,Memorial Sloan Kettering Cancer Center,170680,NCT03817814,,,,2,INSTITUTIONAL,,,,,Non-interventional,No,Accepted,07/23/2019,,,,,,Memorial Sloan Kettering Cancer Center,07/23/2019,Scientific QC Completed Date,07/24/2019,Registry,2,,,07/23/2019,,07/23/2019,07/23/2019,"margolinr, Raisa Margolin",07/23/2019,,,,,,,,,,07/24/2019,"Otubu, Temisan",07/24/2019,,,,07/24/2019,"chengi, Iris Cheng",07/24/2019,07/24/2019,"Titanwa, Florence",07/24/2019,,,,,,,,,,,,,,,
2019-01851,Amendment,07/23/2019,08/06/2019,,07/23/2019,07/24/2019,,07/24/2019,07/24/2019,,,Memorial Sloan Kettering Cancer Center,170680,NCT03877055,,,,3,INSTITUTIONAL,,,,,Interventional,No,Accepted,07/23/2019,,,,,,Memorial Sloan Kettering Cancer Center,07/23/2019,Scientific QC Completed Date,07/24/2019,Registry,2,,,07/23/2019,,07/23/2019,07/23/2019,"margolinr, Raisa Margolin",07/23/2019,,,,,,,,,,07/24/2019,"gillh, Hannah Gill",07/24/2019,,,,07/24/2019,"Chen, Sisi",07/24/2019,07/24/2019,"Caesar-Johnson, Samantha",07/24/2019,,,,,,,,,,,,,,,
2019-00437,Amendment,07/23/2019,08/06/2019,,07/23/2019,07/24/2019,,,,,"Titanwa, Florence (SC)",Memorial Sloan Kettering Cancer Center,170680,NCT03808662,,,,5,INSTITUTIONAL,,,,,Interventional,No,Accepted,07/23/2019,,,titanwaf,07/25/2019,,Memorial Sloan Kettering Cancer Center,07/23/2019,Scientific Processing Start Date,07/25/2019,Registry,2,,,07/23/2019,,07/23/2019,07/23/2019,"margolinr, Raisa Margolin",07/23/2019,,,,,,,,,,07/24/2019,"gillh, Hannah Gill",07/24/2019,,,,,,,,,,,,,,,,,,,,,,,,
2019-01323,Amendment,07/23/2019,08/06/2019,,07/23/2019,07/23/2019,,07/24/2019,07/24/2019,,,Memorial Sloan Kettering Cancer Center,170680,NCT03824483,,,,4,INSTITUTIONAL,,,,,Interventional,No,Accepted,07/23/2019,,,,,,Memorial Sloan Kettering Cancer Center,07/23/2019,Scientific QC Completed Date,07/24/2019,Registry,2,,,07/23/2019,,07/23/2019,07/23/2019,"margolinr, Raisa Margolin",07/23/2019,,,,,,,,,,07/23/2019,"johnsonj, Julie Johnson",07/23/2019,,,,07/24/2019,"Chen, Sisi",07/24/2019,07/24/2019,"Crowner, Ashley",07/24/2019,,,,,,,,,,,,,,,
2019-03374,Amendment,07/23/2019,08/06/2019,,07/23/2019,07/24/2019,,07/24/2019,07/24/2019,,,Memorial Sloan Kettering Cancer Center,170680,NCT03954236,,,,3,INSTITUTIONAL,,,,,Interventional,No,Accepted,07/23/2019,,,,,,Memorial Sloan Kettering Cancer Center,07/23/2019,Scientific QC Completed Date,07/24/2019,Registry,2,,,07/23/2019,,07/23/2019,07/23/2019,"margolinr, Raisa Margolin",07/23/2019,,,,,,,,,,07/24/2019,"gillh, Hannah Gill",07/24/2019,,,,07/24/2019,"Chen, Sisi",07/24/2019,07/24/2019,"buchanani, Ian Buchanan",07/24/2019,,,,,,,,,,,,,,,
2019-05126,Complete,07/23/2019,08/06/2019,,07/23/2019,07/24/2019,,,,,,Duke University Medical Center,149280,NCT03688178,,,,,EXTERNALLY_PEER_REVIEWED,,,,,Interventional,No,Accepted,07/23/2019,,,,,,Duke University Medical Center,07/23/2019,Ready for Administrative QC Date,07/24/2019,Registry,2,,Ready for Admin QCReady for Scientific Processing,07/23/2019,,07/23/2019,07/23/2019,"margolinr, Raisa Margolin",07/23/2019,,,,,,,,,,07/24/2019,"gillh, Hannah Gill",07/24/2019,,,,,,,,,,,,,,,,,,,,,,,,
2019-05127,Complete,07/23/2019,08/06/2019,,07/23/2019,07/24/2019,,,,,,M D Anderson Cancer Center,227400,,,,,,EXTERNALLY_PEER_REVIEWED,,,,,Interventional,No,Accepted,07/23/2019,,,,,,M D Anderson Cancer Center,07/23/2019,Ready for Administrative QC Date,07/24/2019,Registry,2,,Ready for Admin QCReady for Scientific Processing,07/23/2019,,07/23/2019,07/23/2019,"Otubu, Temisan",07/23/2019,,,,,,,,,,07/24/2019,"gillh, Hannah Gill",07/24/2019,,,,,,,,,,,,,,,,,,,,,,,,
2019-05128,Abbreviated,07/23/2019,08/06/2019,,07/23/2019,07/24/2019,,07/24/2019,07/24/2019,,,Bristol-Myers Squibb,36140,NCT03899155,,,,,INDUSTRIAL,,,,,Interventional,No,Accepted,07/23/2019,,,,,,ClinicalTrials.gov,07/23/2019,Scientific QC Completed Date,07/24/2019,ClinicalTrials.gov,2,,,07/23/2019,,07/23/2019,07/23/2019,"Otubu, Temisan",07/23/2019,,,,,,,,,,07/24/2019,"johnsonj, Julie Johnson",07/24/2019,,,,07/24/2019,"Titanwa, Florence",07/24/2019,07/24/2019,"buchanani, Ian Buchanan",07/24/2019,,,,,,,,,,,,,,,
2018-01908,Amendment,07/23/2019,08/06/2019,,07/23/2019,07/24/2019,,07/23/2019,07/23/2019,,,Memorial Sloan Kettering Cancer Center,170680,NCT03631017,,,,5,INSTITUTIONAL,,,,,Interventional,No,Accepted,07/23/2019,,,,,,Memorial Sloan Kettering Cancer Center,07/23/2019,Ready for Administrative QC Date,07/24/2019,Registry,2,,Ready for Admin QC,07/23/2019,,07/23/2019,07/23/2019,"Otubu, Temisan",07/23/2019,,,,,,,,,,07/24/2019,"johnsonj, Julie Johnson",07/24/2019,,,,07/23/2019,"Flumer, Carly",07/23/2019,07/23/2019,"Chen, Sisi",07/23/2019,,,,,,,,,,,,,,,
2018-01906,Amendment,07/23/2019,08/06/2019,,07/23/2019,07/24/2019,,07/24/2019,07/24/2019,,,Memorial Sloan Kettering Cancer Center,170680,NCT03619083,,,,7,INSTITUTIONAL,,,,,Non-interventional,No,Accepted,07/23/2019,,,,,,Memorial Sloan Kettering Cancer Center,07/23/2019,Ready for Administrative QC Date,07/24/2019,Registry,2,,Ready for Admin QC,07/23/2019,,07/23/2019,07/23/2019,"Otubu, Temisan",07/23/2019,,,,,,,,,,07/24/2019,"gillh, Hannah Gill",07/24/2019,,,,07/24/2019,"Caesar-Johnson, Samantha",07/24/2019,07/24/2019,"buchanani, Ian Buchanan",07/24/2019,,,,,,,,,,,,,,,
2018-01426,Amendment,07/23/2019,08/06/2019,,07/23/2019,07/24/2019,,07/24/2019,07/24/2019,,,Memorial Sloan Kettering Cancer Center,170680,NCT03572374,,,,18-217,INSTITUTIONAL,,,,,Interventional,No,Accepted,07/23/2019,,,,,,Memorial Sloan Kettering Cancer Center,07/23/2019,Ready for Administrative QC Date,07/24/2019,Registry,2,,Ready for Admin QC,07/23/2019,,07/23/2019,07/23/2019,"Otubu, Temisan",07/23/2019,,,,,,,,,,07/24/2019,"gillh, Hannah Gill",07/24/2019,,,,07/24/2019,"buchanani, Ian Buchanan",07/24/2019,07/24/2019,"Appiah, Cecilia",07/24/2019,,,,,,,,,,,,,,,
2018-01151,Amendment,07/23/2019,08/06/2019,,07/23/2019,07/24/2019,,07/24/2019,07/24/2019,,,Memorial Sloan Kettering Cancer Center,170680,NCT03523351,,,,7,INSTITUTIONAL,,,,,Interventional,No,Accepted,07/23/2019,,,,,,Memorial Sloan Kettering Cancer Center,07/23/2019,Ready for Administrative QC Date,07/24/2019,Registry,2,,Ready for Admin QC,07/23/2019,,07/23/2019,07/23/2019,"Otubu, Temisan",07/23/2019,,,,,,,,,,07/24/2019,"gillh, Hannah Gill",07/24/2019,,,,07/24/2019,"chengi, Iris Cheng",07/24/2019,07/24/2019,"buchanani, Ian Buchanan",07/24/2019,,,,,,,,,,,,,,,
2017-01688,Amendment,07/23/2019,08/06/2019,,07/24/2019,07/24/2019,,07/24/2019,07/24/2019,,,Dana-Farber Harvard Cancer Center,3456936,NCT03144804,,,,AM 13,INSTITUTIONAL,,,,,Interventional,No,Accepted,07/24/2019,,,,,,Dana-Farber Harvard Cancer Center,07/23/2019,Ready for Administrative QC Date,07/24/2019,Registry,2,,Ready for Admin QC,07/23/2019,,07/23/2019,07/24/2019,"such, Chun-Hui Su",07/24/2019,,,,,,,,,,07/24/2019,"gillh, Hannah Gill",07/24/2019,,,,07/24/2019,"Chen, Sisi",07/24/2019,07/24/2019,"buchanani, Ian Buchanan",07/24/2019,,,,,,,,,,,,,,,
2017-00566,Amendment,07/23/2019,08/06/2019,,07/24/2019,07/24/2019,,,,,,Duke University Medical Center,149280,NCT02864368,,,,320034,EXTERNALLY_PEER_REVIEWED,,,,,Interventional,No,Accepted,07/24/2019,,,,,,Duke University Medical Center,07/23/2019,Ready for Administrative QC Date,07/24/2019,Registry,2,,Ready for Admin QCReady for Scientific Processing,07/23/2019,,07/23/2019,07/24/2019,"such, Chun-Hui Su",07/24/2019,,,,,,,,,,07/24/2019,"gillh, Hannah Gill",07/24/2019,,,,,,,,,,,,,,,,,,,,,,,,
2018-01869,Amendment,07/23/2019,08/06/2019,,07/24/2019,07/24/2019,,07/24/2019,07/24/2019,,,Memorial Sloan Kettering Cancer Center,170680,NCT03643510,,,,6,INSTITUTIONAL,,,,,Interventional,No,Accepted,07/24/2019,,,,,,Memorial Sloan Kettering Cancer Center,07/23/2019,Ready for Administrative QC Date,07/24/2019,Registry,2,,Ready for Admin QC,07/23/2019,,07/23/2019,07/24/2019,"such, Chun-Hui Su",07/24/2019,,,,,,,,,,07/24/2019,"gillh, Hannah Gill",07/24/2019,,,,07/24/2019,"buchanani, Ian Buchanan",07/24/2019,07/24/2019,"Appiah, Cecilia",07/24/2019,,,,,,,,,,,,,,,
2018-02439,Amendment,07/23/2019,08/06/2019,,07/24/2019,,,,,,"Caesar-Johnson, Samantha (SC)",Dana-Farber Harvard Cancer Center,3456936,NCT03580928,,,,AM 4-5,INSTITUTIONAL,,,,,Interventional,No,Accepted,07/24/2019,,,johnsoncs,07/25/2019,,Dana-Farber Harvard Cancer Center,07/23/2019,Scientific Processing Start Date,07/25/2019,Registry,2,,,07/23/2019,,07/23/2019,07/24/2019,"such, Chun-Hui Su",07/24/2019,,,,,,,,,,,,,,,,,,,,,,,,,,,,,,,,,,,,
2019-01732,Amendment,07/23/2019,08/06/2019,,07/24/2019,,,07/24/2019,07/24/2019,,,Dana-Farber Harvard Cancer Center,3456936,NCT03798769,,,,AM 5,INSTITUTIONAL,,,,,Interventional,No,Accepted,07/24/2019,,,,,,Dana-Farber Harvard Cancer Center,07/23/2019,Scientific QC Completed Date,07/24/2019,Registry,2,,,07/23/2019,,07/23/2019,07/24/2019,"such, Chun-Hui Su",07/24/2019,,,,,,,,,,,,,,,,07/24/2019,"chengi, Iris Cheng",07/24/2019,07/24/2019,"Appiah, Cecilia",07/24/2019,,,,,,,,,,,,,,,
2016-01050,Amendment,07/23/2019,08/06/2019,,07/24/2019,,,07/24/2019,07/24/2019,,,Wake Forest NCORP Research Base,213850,NCT02822573,WF-97116,WF-97116,,40,NATIONAL,,,,,Interventional,No,Accepted,07/24/2019,,,,,DCP,National Cancer Institute Division of Cancer Prevention,07/23/2019,Scientific QC Completed Date,07/24/2019,REST Service,2,Added RSS as a trial owner via a script on 12/04/2017. Ref: https://fnlcr.teamwork.com/desk/#/tickets/187440. 2018-03-16 C. Yaghmour manually copied the DCP ID into the CTEP ID field per ticket https://fnlcr.teamwork.com/desk/#/tickets/871370.. A site was deleted tw1201138,,07/23/2019,"PIO, DCP",07/23/2019,07/24/2019,"such, Chun-Hui Su",07/24/2019,,,,,,,,,,,,,,,,07/24/2019,"Chen, Sisi",07/24/2019,07/24/2019,"Caesar-Johnson, Samantha",07/24/2019,,,,,,,,,,,,,,,
2019-05129,Complete,07/23/2019,08/06/2019,,07/24/2019,,,,,,,UNC Lineberger Comprehensive Cancer Center,149190,NCT04025229,,,,,INSTITUTIONAL,,,,,Interventional,No,Accepted,07/24/2019,,,,,,UNC Lineberger Comprehensive Cancer Center,07/23/2019,Submission Acceptance Date,07/24/2019,Registry,2,,Ready for Admin ProcessingReady for Scientific Processing,07/23/2019,,07/23/2019,07/24/2019,"such, Chun-Hui Su",07/24/2019,,,,,,,,,,,,,,,,,,,,,,,,,,,,,,,,,,,,
2018-00849,Amendment,07/23/2019,08/06/2019,,07/23/2019,,,07/24/2019,07/24/2019,,,Memorial Sloan Kettering Cancer Center,170680,NCT03454295,,,,8,EXTERNALLY_PEER_REVIEWED,,,,,Interventional,No,Accepted,07/23/2019,,,,,,Memorial Sloan Kettering Cancer Center,07/23/2019,Scientific QC Completed Date,07/24/2019,Registry,2,,,07/23/2019,,07/23/2019,07/23/2019,"Otubu, Temisan",07/23/2019,,,,,,,,,,,,,,,,07/24/2019,"buchanani, Ian Buchanan",07/24/2019,07/24/2019,"Appiah, Cecilia",07/24/2019,,,,,,,,,,,,,,,
2018-02835,Amendment,07/23/2019,08/06/2019,,07/23/2019,,,07/24/2019,07/24/2019,,,M D Anderson Cancer Center,227400,NCT03784677,,,,2018-0680 v 04,INSTITUTIONAL,,,,,Interventional,No,Accepted,07/23/2019,,,,,,M D Anderson Cancer Center,07/23/2019,Scientific QC Completed Date,07/24/2019,Registry,2,,,07/23/2019,,07/23/2019,07/23/2019,"Otubu, Temisan",07/23/2019,,,,,,,,,,,,,,,,07/24/2019,"chengi, Iris Cheng",07/24/2019,07/24/2019,"Titanwa, Florence",07/24/2019,,,,,,,,,,,,,,,
2018-00490,Amendment,07/23/2019,08/06/2019,,07/23/2019,,,07/24/2019,07/24/2019,,,Memorial Sloan Kettering Cancer Center,170680,NCT03434678,,,,5,INSTITUTIONAL,,,,,Interventional,No,Accepted,07/23/2019,,,,,,Memorial Sloan Kettering Cancer Center,07/23/2019,Scientific QC Completed Date,07/24/2019,Registry,2,,,07/23/2019,,07/23/2019,07/23/2019,"Otubu, Temisan",07/23/2019,,,,,,,,,,,,,,,,07/24/2019,"buchanani, Ian Buchanan",07/24/2019,07/24/2019,"Appiah, Cecilia",07/24/2019,,,,,,,,,,,,,,,
2018-00923,Amendment,07/23/2019,08/06/2019,,07/23/2019,,,07/24/2019,07/24/2019,,,Memorial Sloan Kettering Cancer Center,170680,NCT03520491,,,,3,INSTITUTIONAL,,,,,Interventional,No,Accepted,07/23/2019,,,,,,Memorial Sloan Kettering Cancer Center,07/23/2019,Scientific QC Completed Date,07/24/2019,Registry,2,,,07/23/2019,,07/23/2019,07/23/2019,"Otubu, Temisan",07/23/2019,,,,,,,,,,,,,,,,07/24/2019,"Caesar-Johnson, Samantha",07/24/2019,07/24/2019,"Appiah, Cecilia",07/24/2019,,,,,,,,,,,,,,,
2018-00512,Amendment,07/23/2019,08/06/2019,,07/23/2019,,,07/24/2019,07/24/2019,,,Memorial Sloan Kettering Cancer Center,170680,NCT03442465,,,,1,INSTITUTIONAL,,,,,Non-interventional,No,Accepted,07/23/2019,,,,,,Memorial Sloan Kettering Cancer Center,07/23/2019,Scientific QC Completed Date,07/24/2019,Registry,2,,,07/23/2019,,07/23/2019,07/23/2019,"Otubu, Temisan",07/23/2019,,,,,,,,,,,,,,,,07/24/2019,"Appiah, Cecilia",07/24/2019,07/24/2019,"Crowner, Ashley",07/24/2019,,,,,,,,,,,,,,,
2019-05130,Abbreviated,07/23/2019,08/06/2019,,07/24/2019,,,,,,,"Synthorx, Inc.",90057268,NCT04009681,,,,,INDUSTRIAL,,,,,Interventional,No,Accepted,07/24/2019,,,,,,ClinicalTrials.gov,07/23/2019,Submission Acceptance Date,07/24/2019,ClinicalTrials.gov,2,,Ready for Admin ProcessingReady for Scientific Processing,07/23/2019,,07/23/2019,07/24/2019,"such, Chun-Hui Su",07/24/2019,,,,,,,,,,,,,,,,,,,,,,,,,,,,,,,,,,,,
2019-05131,Complete,07/23/2019,08/06/2019,,07/24/2019,,,,,,,UNC Lineberger Comprehensive Cancer Center,149190,NCT03846947,,,,,INSTITUTIONAL,,,,,Interventional,No,Accepted,07/24/2019,,,,,,UNC Lineberger Comprehensive Cancer Center,07/23/2019,Submission Acceptance Date,07/24/2019,Registry,2,,Ready for Admin ProcessingReady for Scientific Processing,07/23/2019,,07/23/2019,07/24/2019,"such, Chun-Hui Su",07/24/2019,,,,,,,,,,,,,,,,,,,,,,,,,,,,,,,,,,,,
2019-05132,Complete,07/23/2019,08/06/2019,,07/24/2019,,,,,,,Fred Hutch/University of Washington Cancer Consortium,39492311,,,,,,INSTITUTIONAL,,,,,Interventional,No,Accepted,07/24/2019,,,,,,Fred Hutch/University of Washington Cancer Consortium,07/23/2019,Submission Acceptance Date,07/24/2019,Registry,2,,Ready for Admin ProcessingReady for Scientific Processing,07/23/2019,,07/23/2019,07/24/2019,"such, Chun-Hui Su",07/24/2019,,,,,,,,,,,,,,,,,,,,,,,,,,,,,,,,,,,,
2019-05150,Complete,07/24/2019,08/07/2019,,07/24/2019,,,,,,,Ohio State University Comprehensive Cancer Center,181303,,,,,,INSTITUTIONAL,,,,,Interventional,No,Accepted,07/24/2019,,,,,,Ohio State University Comprehensive Cancer Center,07/24/2019,Submission Acceptance Date,07/24/2019,Registry,2,,Ready for Admin ProcessingReady for Scientific Processing,07/24/2019,,07/24/2019,07/24/2019,"such, Chun-Hui Su",07/24/2019,,,,,,,,,,,,,,,,,,,,,,,,,,,,,,,,,,,,
2019-05085,Complete,07/22/2019,08/07/2019,,07/23/2019,,,,,,,University of Alabama at Birmingham Cancer Center,25448,NCT03412812,,,,,INSTITUTIONAL,07/22/2019,07/23/2019,Submission Incomplete -- Missing Documents,Trial placed on hold because provided consent is not the one approved by the provided IRB. Please provide a copy of consent (file name: RAD 1705 consent.clean.190517).,Interventional,No,Accepted,07/23/2019,,,,,,University of Alabama at Birmingham Cancer Center,07/22/2019,Submission Acceptance Date,07/23/2019,Registry,2,,Ready for Admin ProcessingReady for Scientific Processing,07/22/2019,,07/22/2019,07/23/2019,"such, Chun-Hui Su",07/23/2019,,,,,,,,,,,,,,,,,,,,,,,,,,,,,,,,,,,,
2019-02412,Amendment,07/24/2019,08/07/2019,,07/24/2019,,,07/24/2019,07/24/2019,,,Moffitt Cancer Center,71815,NCT03760523,,,,V6,INSTITUTIONAL,,,,,Interventional,No,Accepted,07/24/2019,,,,,,Moffitt Cancer Center,07/24/2019,Scientific QC Completed Date,07/24/2019,Registry,2,,,07/24/2019,,07/24/2019,07/24/2019,"such, Chun-Hui Su",07/24/2019,,,,,,,,,,,,,,,,07/24/2019,"Titanwa, Florence",07/24/2019,07/24/2019,"Appiah, Cecilia",07/24/2019,,,,,,,,,,,,,,,
2019-04689,Complete,07/08/2019,08/07/2019,,07/08/2019,,,,,,"Flumer, Carly (SC)",Virginia Commonwealth University/Massey Cancer Center,238148,,,,,,INSTITUTIONAL,07/09/2019,07/24/2019,Other,"Per EW# 95328, reach out to request nonscanned PDF or word document for protocol.",Interventional,No,Accepted,07/24/2019,,,flumerc,07/24/2019,,Virginia Commonwealth University/Massey Cancer Center,07/08/2019,Scientific Processing Start Date,07/09/2019,Registry,2,,,07/08/2019,,07/08/2019,07/08/2019,"such, Chun-Hui Su",07/08/2019,,,,,,,,,,,,,,,,,,,,,,,,,,,,,,,,,,,,
2019-05151,Complete,07/24/2019,08/07/2019,,07/24/2019,07/24/2019,,,,,,Case Comprehensive Cancer Center,9558455,,,,,,INSTITUTIONAL,,,,,Non-interventional,No,Accepted,07/24/2019,,,,,,Case Comprehensive Cancer Center,07/24/2019,Ready for Administrative QC Date,07/24/2019,Registry,2,,Ready for Admin QCReady for Scientific Processing,07/24/2019,,07/24/2019,07/24/2019,"such, Chun-Hui Su",07/24/2019,,,,,,,,,,07/24/2019,"Otubu, Temisan",07/24/2019,,,,,,,,,,,,,,,,,,,,,,,,
2018-01737,Amendment,07/24/2019,08/07/2019,,07/24/2019,07/24/2019,,,,,,Laura and Isaac Perlmutter Cancer Center at NYU Langone,170563,NCT03750240,,,,cr02,INSTITUTIONAL,,,,,Interventional,No,Accepted,07/24/2019,,,,,,Laura and Isaac Perlmutter Cancer Center at NYU Langone,07/24/2019,Ready for Administrative QC Date,07/24/2019,Registry,2,,Ready for Admin QCReady for Scientific Processing,07/24/2019,,07/24/2019,07/24/2019,"such, Chun-Hui Su",07/24/2019,,,,,,,,,,07/24/2019,"Otubu, Temisan",07/24/2019,,,,,,,,,,,,,,,,,,,,,,,,
2019-05152,Abbreviated,07/24/2019,08/07/2019,,07/24/2019,,,,,,,Xiuning Le,90243078,NCT03909334,,,,,INDUSTRIAL,,,,,Interventional,No,Accepted,07/24/2019,,,,,,ClinicalTrials.gov,07/24/2019,Submission Acceptance Date,07/24/2019,ClinicalTrials.gov,2,,Ready for Admin ProcessingReady for Scientific Processing,07/24/2019,,07/24/2019,07/24/2019,"such, Chun-Hui Su",07/24/2019,,,,,,,,,,,,,,,,,,,,,,,,,,,,,,,,,,,,
2019-05154,Complete,07/24/2019,08/07/2019,,07/24/2019,,,,,,,Cancer Therapy and Research Center at The UT Health Science Center at San Antonio,228946,NCT03995706,,,,,INSTITUTIONAL,,,,,Interventional,No,Accepted,07/24/2019,,,,,,Cancer Therapy and Research Center at The UT Health Science Center at San Antonio,07/24/2019,Submission Acceptance Date,07/24/2019,Registry,2,,Ready for Admin ProcessingReady for Scientific Processing,07/24/2019,,07/24/2019,07/24/2019,"such, Chun-Hui Su",07/24/2019,,,,,,,,,,,,,,,,,,,,,,,,,,,,,,,,,,,,
2018-00450,Amendment,07/24/2019,08/07/2019,,07/24/2019,,,,,,,NYP/Columbia University Medical Center/Herbert Irving Comprehensive Cancer Center,170827,NCT03240211,,,,,INSTITUTIONAL,,,,,Interventional,No,Accepted,07/24/2019,,,,,,NYP/Columbia University Medical Center/Herbert Irving Comprehensive Cancer Center,07/24/2019,Submission Acceptance Date,07/24/2019,Registry,2,,Ready for Admin ProcessingReady for Scientific Processing,07/24/2019,,07/24/2019,07/24/2019,"johnsonj, Julie Johnson",07/24/2019,,,,,,,,,,,,,,,,,,,,,,,,,,,,,,,,,,,,
2019-04001,Complete,06/13/2019,08/07/2019,06/17/2019,06/13/2019,06/17/2019,,06/17/2019,06/17/2019,,,University of Pennsylvania/Abramson Cancer Center,198713,NCT01484925,,,,,INSTITUTIONAL,06/17/2019,,Other,Trial placed on hold to confirm lead organization - per EW # 94686 Columbia is the lead org for this trial.,Non-interventional,No,On-Hold,06/17/2019,,,,,,University of Pennsylvania/Abramson Cancer Center,06/13/2019,Ready for Administrative QC Date,06/17/2019,Registry,2,,"Ready for Admin QCOn hold since 06/17/2019 , reason: Other",06/13/2019,,06/13/2019,06/13/2019,"Otubu, Temisan",06/13/2019,,,,,,,,,,06/17/2019,"gillh, Hannah Gill",06/17/2019,,,,06/17/2019,"Titanwa, Florence",06/17/2019,06/17/2019,"Chen, Sisi",06/17/2019,,,,,,,,,,,,,,,
2019-05155,Complete,07/24/2019,08/07/2019,,07/24/2019,,,,,,,Cancer Therapy and Research Center at The UT Health Science Center at San Antonio,228946,NCT03799523,,,,,INSTITUTIONAL,,,,,Non-interventional,No,Accepted,07/24/2019,,,,,,Cancer Therapy and Research Center at The UT Health Science Center at San Antonio,07/24/2019,Submission Acceptance Date,07/24/2019,Registry,2,,Ready for Admin ProcessingReady for Scientific Processing,07/24/2019,,07/24/2019,07/24/2019,"johnsonj, Julie Johnson",07/24/2019,,,,,,,,,,,,,,,,,,,,,,,,,,,,,,,,,,,,
2019-04822,Complete,07/12/2019,08/07/2019,07/17/2019,07/12/2019,07/16/2019,07/17/2019,,,,,UCLA / Jonsson Comprehensive Cancer Center,37404,,,,,,INSTITUTIONAL,07/17/2019,,Submission Incomplete,Per EW#95518 - Protocol document is required for this submission - Reopened,Interventional,No,On-Hold,07/17/2019,,,,,,UCLA / Jonsson Comprehensive Cancer Center,07/12/2019,Administrative QC Completed Date,07/17/2019,Registry,2,,"On hold since 07/17/2019 , reason: Submission Incomplete",07/12/2019,,07/12/2019,07/12/2019,"johnsonj, Julie Johnson",07/12/2019,,,,,,,,,,07/16/2019,"such, Chun-Hui Su",07/16/2019,07/17/2019,"gillh, Hannah Gill",07/17/2019,,,,,,,,,,,,,,,,,,,,,
2016-01859,Amendment,07/22/2019,08/07/2019,,07/22/2019,07/24/2019,,07/23/2019,07/24/2019,,,Dana-Farber Harvard Cancer Center,3456936,NCT02927340,,,,AM 13,INSTITUTIONAL,07/22/2019,07/23/2019,Submission Incomplete -- Missing Documents,Per EW#95798 - requesting the correct Protocol Front Sheet and Protocol documents,Interventional,No,Accepted,07/23/2019,,,,,,Dana-Farber Harvard Cancer Center,07/22/2019,Ready for Administrative QC Date,07/24/2019,Registry,2,,Ready for Admin QC,07/22/2019,,07/22/2019,07/22/2019,"johnsonj, Julie Johnson",07/22/2019,,,,,,,,,,07/24/2019,"Otubu, Temisan",07/24/2019,,,,07/23/2019,"Titanwa, Florence",07/23/2019,07/24/2019,"Appiah, Cecilia",07/24/2019,,,,,,,,,,,,,,,
2018-01115,Amendment,07/24/2019,08/07/2019,,07/24/2019,,,,,,,City of Hope Comprehensive Cancer Center,38249,NCT03560752,,,,08,INSTITUTIONAL,,,,,Interventional,No,Accepted,07/24/2019,,,,,,City of Hope Comprehensive Cancer Center,07/24/2019,Submission Acceptance Date,07/24/2019,Registry,2,,Ready for Admin ProcessingReady for Scientific Processing,07/24/2019,,07/24/2019,07/24/2019,"johnsonj, Julie Johnson",07/24/2019,,,,,,,,,,,,,,,,,,,,,,,,,,,,,,,,,,,,
2019-05157,Abbreviated,07/24/2019,08/07/2019,,07/24/2019,,,,,,,"Istari Oncology, Inc.",86730400,NCT03564782,,,,,INDUSTRIAL,,,,,Interventional,No,Accepted,07/24/2019,,,,,,ClinicalTrials.gov,07/24/2019,Submission Acceptance Date,07/24/2019,ClinicalTrials.gov,2,,Ready for Admin ProcessingReady for Scientific Processing,07/24/2019,,07/24/2019,07/24/2019,"margolinr, Raisa Margolin",07/24/2019,,,,,,,,,,,,,,,,,,,,,,,,,,,,,,,,,,,,
2011-02303,Amendment,07/24/2019,08/07/2019,,07/24/2019,,,,,,,Mayo Clinic,139137,NCT01415882,,,,Addendum 25,INSTITUTIONAL,,,,,Interventional,No,Accepted,07/24/2019,,,,,,Mayo Clinic,07/24/2019,Submission Acceptance Date,07/24/2019,,2,,Ready for Admin ProcessingReady for Scientific Processing,07/24/2019,,07/24/2019,07/24/2019,"johnsonj, Julie Johnson",07/24/2019,,,,,,,,,,,,,,,,,,,,,,,,,,,,,,,,,,,,
2018-00307,Amendment,07/24/2019,08/07/2019,,07/24/2019,,,,,,,Mayo Clinic,139137,NCT03455556,,,,3,INSTITUTIONAL,,,,,Interventional,No,Accepted,07/24/2019,,,,,,Mayo Clinic,07/24/2019,Submission Acceptance Date,07/24/2019,Registry,2,,Ready for Admin ProcessingReady for Scientific Processing,07/24/2019,,07/24/2019,07/24/2019,"johnsonj, Julie Johnson",07/24/2019,,,,,,,,,,,,,,,,,,,,,,,,,,,,,,,,,,,,
2016-02044,Amendment,07/24/2019,08/07/2019,,07/24/2019,,,,,,,City of Hope Comprehensive Cancer Center,38249,NCT03009240,,,,v08,INSTITUTIONAL,,,,,Interventional,No,Accepted,07/24/2019,,,,,,City of Hope Comprehensive Cancer Center,07/24/2019,Submission Acceptance Date,07/24/2019,Registry,2,,Ready for Admin ProcessingReady for Scientific Processing,07/24/2019,,07/24/2019,07/24/2019,"johnsonj, Julie Johnson",07/24/2019,,,,,,,,,,,,,,,,,,,,,,,,,,,,,,,,,,,,
2018-01555,Amendment,07/24/2019,08/07/2019,,07/24/2019,,,,,,,City of Hope Comprehensive Cancer Center,38249,NCT03671811,,,,v07,INSTITUTIONAL,,,,,Interventional,No,Accepted,07/24/2019,,,,,,City of Hope Comprehensive Cancer Center,07/24/2019,Submission Acceptance Date,07/24/2019,Registry,2,,Ready for Admin ProcessingReady for Scientific Processing,07/24/2019,,07/24/2019,07/24/2019,"johnsonj, Julie Johnson",07/24/2019,,,,,,,,,,,,,,,,,,,,,,,,,,,,,,,,,,,,
2018-00332,Amendment,07/24/2019,08/07/2019,,07/24/2019,,,,,,,Mayo Clinic in Florida,72120,NCT03477539,,,,3,INSTITUTIONAL,,,,,Interventional,No,Accepted,07/24/2019,,,,,,Mayo Clinic,07/24/2019,Submission Acceptance Date,07/24/2019,Registry,2,,Ready for Admin ProcessingReady for Scientific Processing,07/24/2019,,07/24/2019,07/24/2019,"johnsonj, Julie Johnson",07/24/2019,,,,,,,,,,,,,,,,,,,,,,,,,,,,,,,,,,,,
2017-00615,Amendment,07/24/2019,08/07/2019,,07/24/2019,,,,,,,Mayo Clinic,139137,NCT03120624,,,,Addendum 5,INSTITUTIONAL,,,,,Interventional,No,Accepted,07/24/2019,,,,,,Mayo Clinic,07/24/2019,Submission Acceptance Date,07/24/2019,Registry,2,,Ready for Admin ProcessingReady for Scientific Processing,07/24/2019,,07/24/2019,07/24/2019,"johnsonj, Julie Johnson",07/24/2019,,,,,,,,,,,,,,,,,,,,,,,,,,,,,,,,,,,,
2019-05158,Abbreviated,07/24/2019,08/07/2019,,,,,,,,,"Molecular Templates, Inc.",49464871,NCT04029922,,,,,INDUSTRIAL,,,,,Interventional,No,Submitted,07/24/2019,,,,,,ClinicalTrials.gov,07/24/2019,Submission Received Date,07/24/2019,ClinicalTrials.gov,2,,Submitted -- not accepted,07/24/2019,,07/24/2019,,,,,,,,,,,,,,,,,,,,,,,,,,,,,,,,,,,,,,,
2019-05159,Complete,07/24/2019,08/07/2019,,,,,,,,,Fred Hutch/University of Washington Cancer Consortium,39492311,,,,,,INSTITUTIONAL,,,,,Interventional,No,Submitted,07/24/2019,,,,,,Fred Hutch/University of Washington Cancer Consortium,07/24/2019,Submission Received Date,07/24/2019,Registry,2,,Submitted -- not accepted,07/24/2019,,07/24/2019,,,,,,,,,,,,,,,,,,,,,,,,,,,,,,,,,,,,,,,
2019-05160,Abbreviated,07/24/2019,08/07/2019,,,,,,,,,AstraZeneca Pharmaceuticals LP,34899,NCT03778229,,,,,INDUSTRIAL,,,,,Interventional,No,Submitted,07/24/2019,,,,,,ClinicalTrials.gov,07/24/2019,Submission Received Date,07/24/2019,ClinicalTrials.gov,2,,Submitted -- not accepted,07/24/2019,,07/24/2019,,,,,,,,,,,,,,,,,,,,,,,,,,,,,,,,,,,,,,,
2016-01825,Amendment,07/24/2019,08/07/2019,,,,,,,,,NRG Oncology,35274463,NCT03188393,NRG-BR005,,,3,NATIONAL,,,,,Interventional,No,Amendment Submitted,07/24/2019,,,,,CTEP,Cancer Therapy Evaluation Program,07/24/2019,Submission Received Date,07/24/2019,REST Service,2,Added RSS as a trial owner via a script on 12/04/2017. Ref: https://fnlcr.teamwork.com/desk/#/tickets/187440. A site was deleted tw1201138,Submitted -- not accepted,07/24/2019,"System-Account, CTEP",07/24/2019,,,,,,,,,,,,,,,,,,,,,,,,,,,,,,,,,,,,,,,
2018-00428,Amendment,07/24/2019,08/07/2019,,,,,,,,,SWOG,220068,NCT03574753,S1400K,,,34,NATIONAL,,,,,Interventional,No,Amendment Submitted,07/24/2019,,,,,CTEP,Cancer Therapy Evaluation Program,07/24/2019,Submission Received Date,07/24/2019,REST Service,2,"* Substudy S1400K to 2014-00627
* Last abstractor to send TSR: Add Initial Abstraction Verified Date to change processing status to Abstraction Verified No Response to ensure posting to Cancer.gov and ClinicalTrials.gov to avoid verification failure.
* Note substudy amendments should come through RESTful services only.. A site was deleted tw1201138",Submitted -- not accepted,07/24/2019,"System-Account, CTEP",07/24/2019,,,,,,,,,,,,,,,,,,,,,,,,,,,,,,,,,,,,,,,
2017-00135,Amendment,07/24/2019,08/07/2019,,,,,,,,,SWOG,220068,NCT03377556,S1400G,,,34,NATIONAL,,,,,Interventional,No,Amendment Submitted,07/24/2019,,,,,CTEP,Cancer Therapy Evaluation Program,07/24/2019,Submission Received Date,07/24/2019,REST Service,2,"* Substudy S1400G to 2014-00627
* Last abstractor to send TSR: Add Initial Abstraction Verified Date to change processing status to Abstraction Verified No Response to ensure posting to Cancer.gov and ClinicalTrials.gov to avoid verification failure.
* Crystal Miwa should be placed as trial owner as S1400G is a subtrial extension of S1400 which holds Crystal Miwa as an owner
* Note substudies associated amendments should come through RESTful services. Added RSS as a trial owner via a script on 12/04/2017. Ref: https://fnlcr.teamwork.com/desk/#/tickets/187440",Submitted -- not accepted,07/24/2019,"System-Account, CTEP",07/24/2019,,,,,,,,,,,,,,,,,,,,,,,,,,,,,,,,,,,,,,,
2019-05183,Complete,07/25/2019,08/08/2019,,,,,,,,,Emory University Hospital/Winship Cancer Institute,81829,,,,,,INSTITUTIONAL,,,,,Interventional,No,Submitted,07/25/2019,,,,,,Emory University Hospital/Winship Cancer Institute,07/25/2019,Submission Received Date,07/25/2019,Registry,2,,Submitted -- not accepted,07/25/2019,,07/25/2019,,,,,,,,,,,,,,,,,,,,,,,,,,,,,,,,,,,,,,,
2013-00286,Amendment,07/10/2019,08/08/2019,,07/24/2019,,,,,,,Dana-Farber Harvard Cancer Center,3456936,NCT01773395,,,,AM 37,EXTERNALLY_PEER_REVIEWED,07/10/2019,07/24/2019,Submission Incomplete -- Missing Documents,Trial placed on hold because IRB approval is not provided. Please provide a copy of IRB approval (AM37).,Interventional,No,Accepted,07/24/2019,,,,,,Dana-Farber Harvard Cancer Center,07/10/2019,Submission Acceptance Date,07/24/2019,,2,,Ready for Admin ProcessingReady for Scientific Processing,07/10/2019,,07/10/2019,07/24/2019,"such, Chun-Hui Su",07/24/2019,,,,,,,,,,,,,,,,,,,,,,,,,,,,,,,,,,,,
2019-05120,Complete,07/23/2019,08/08/2019,,07/23/2019,07/24/2019,,,,,,University of Minnesota/Masonic Cancer Center,139049,NCT03637972,,,,,INSTITUTIONAL,07/23/2019,07/24/2019,Other,"Per EW# 95849, reach out to request the consent (file name: Cig COMET CONSENT.10JUNE2019) indicated by provided IRB approval.",Interventional,No,Accepted,07/24/2019,,,,,,University of Minnesota/Masonic Cancer Center,07/23/2019,Ready for Administrative QC Date,07/24/2019,Registry,2,,Ready for Admin QCReady for Scientific Processing,07/23/2019,,07/23/2019,07/23/2019,"gillh, Hannah Gill",07/23/2019,,,,,,,,,,07/24/2019,"such, Chun-Hui Su",07/24/2019,,,,,,,,,,,,,,,,,,,,,,,,
2019-05153,Complete,07/24/2019,08/08/2019,,07/24/2019,,,,,,,Fox Chase Cancer Center,199035,NCT02968732,,,,,INSTITUTIONAL,07/24/2019,07/24/2019,Submission Incomplete -- Missing Documents,Trial placed on hold because consent form is not provided. Please provide a copy of consent form approved by provided IRB (file name: 16-8007_Consent_treatment_2019-06-11).,Interventional,No,Accepted,07/24/2019,,,,,,Fox Chase Cancer Center,07/24/2019,Submission Acceptance Date,07/24/2019,Registry,2,,Ready for Admin ProcessingReady for Scientific Processing,07/24/2019,,07/24/2019,07/24/2019,"brunettor, Renae Brunetto",07/24/2019,,,,,,,,,,,,,,,,,,,,,,,,,,,,,,,,,,,,
2019-04789,Abbreviated,07/11/2019,08/08/2019,07/12/2019,,,,,,,,Icahn School of Medicine at Mount Sinai,52665820,NCT00666549,,,,,INDUSTRIAL,07/12/2019,,Other,"Per EW# 95446, reach out to lead org ?Icahn School of Medicine at Mount Sinai? to request whether lead org would like to register the trial under complete workflow.",Non-interventional,No,On-Hold,07/12/2019,,,,,,ClinicalTrials.gov,07/11/2019,Submission Received Date,07/11/2019,ClinicalTrials.gov,2,,"Submitted -- not acceptedOn hold since 07/12/2019 , reason: Other",07/11/2019,,07/11/2019,,,,,,,,,,,,,,,,,,,,,,,,,,,,,,,,,,,,,,,
2019-04167,Abbreviated,06/19/2019,08/08/2019,06/20/2019,,,,,,,,NYP/Columbia University Medical Center/Herbert Irving Comprehensive Cancer Center,170827,NCT03060642,,,,,INDUSTRIAL,06/20/2019,,Other,Per EW 94818 trial placed on hold because the Lead Organization is a NCI- Designated Cancer Center (NYP/Columbia University Medical Center/Herbert Irving Comprehensive Cancer Center). Also outreach was submitted to request the center to register this trial in the appropriate workflow and asked to confirm if the team plans to registering this trial in CTRP.,Non-interventional,No,On-Hold,06/20/2019,,,,,,ClinicalTrials.gov,06/19/2019,Submission Received Date,06/19/2019,ClinicalTrials.gov,2,,"Submitted -- not acceptedOn hold since 06/20/2019 , reason: Other",06/19/2019,,06/19/2019,,,,,,,,,,,,,,,,,,,,,,,,,,,,,,,,,,,,,,,
2018-01438,Amendment,07/23/2019,08/08/2019,07/24/2019,,,,,,,,Memorial Sloan Kettering Cancer Center,170680,NCT03574571,,,,3,INSTITUTIONAL,07/24/2019,,Submission Incomplete -- Missing Documents,Trial placed on hold because consent form is not provided. Please provide a copy of consent form (file name: 18-150 (3) consent form.pdf).,Interventional,No,On-Hold,07/24/2019,,,,,,Memorial Sloan Kettering Cancer Center,07/23/2019,Submission Received Date,07/23/2019,Registry,2,,"Submitted -- not acceptedOn hold since 07/24/2019 , reason: Submission Incomplete -- Missing Documents",07/23/2019,,07/23/2019,,,,,,,,,,,,,,,,,,,,,,,,,,,,,,,,,,,,,,,
2019-04731,Abbreviated,07/09/2019,08/08/2019,07/10/2019,,,,,,,,Mayo Clinic in Arizona,32332,NCT03634332,,,,,INDUSTRIAL,07/10/2019,,Other,"Per CT.gov, the responsible party is the Pancreatic Cancer Research Team but it is listed as Mayo Clinic in Arizona in PA. Submitted the outreach to the Engineering team (ref. EW# 95382).",Interventional,No,On-Hold,07/10/2019,,,,,,ClinicalTrials.gov,07/09/2019,Submission Received Date,07/09/2019,ClinicalTrials.gov,2,,"Submitted -- not acceptedOn hold since 07/10/2019 , reason: Other",07/09/2019,,07/09/2019,,,,,,,,,,,,,,,,,,,,,,,,,,,,,,,,,,,,,,,
2018-01186,Amendment,07/22/2019,08/08/2019,07/23/2019,,,,,,,,M D Anderson Cancer Center,227400,NCT03147612,,,,2016-0402 v 08,INSTITUTIONAL,07/23/2019,,Submission Incomplete -- Missing Documents,Per the IRB approval the consent form header date is 04/11/2019; however the consent form dated 07/11/2017 was provided. Please provide the consent form dated 04/11/2019,Interventional,No,On-Hold,07/23/2019,,,,,,M D Anderson Cancer Center,07/22/2019,Submission Received Date,07/22/2019,Registry,2,,"Submitted -- not acceptedOn hold since 07/23/2019 , reason: Submission Incomplete -- Missing Documents",07/22/2019,,07/22/2019,,,,,,,,,,,,,,,,,,,,,,,,,,,,,,,,,,,,,,,
2019-03637,Complete,05/30/2019,08/08/2019,05/31/2019,,,,,,,,Montefiore Medical Center-Weiler Hospital,171322,NCT03574818,,,,,INSTITUTIONAL,05/31/2019,,Other,"Per EW# 93999 trial has been placed on hold, asked if the newer protocol version is available. The Protocol V1.1 provided has the IRB Expiration Date 10/10/2018. The submitter was notified via email.",Interventional,No,On-Hold,05/31/2019,,,,,,Montefiore Medical Center-Weiler Hospital,05/30/2019,Submission Received Date,05/30/2019,Registry,2,,"Submitted -- not acceptedOn hold since 05/31/2019 , reason: Other",05/30/2019,,05/30/2019,,,,,,,,,,,,,,,,,,,,,,,,,,,,,,,,,,,,,,,
2019-04268,Complete,06/23/2019,08/08/2019,06/27/2019,,,,,,,,University of Pennsylvania/Abramson Cancer Center,198713,,,,,,INSTITUTIONAL,06/27/2019,,Other,"EW# 95034, submitter provided same incomplete protocol document. Trial removed from automatic on-hold reason code ?Submission Incomplete ? Missing Documents? and placed back on hold as other to request a complete protocol document.",Interventional,No,On-Hold,06/27/2019,,,,,,University of Pennsylvania/Abramson Cancer Center,06/23/2019,Submission Received Date,06/23/2019,Registry,2,,"Submitted -- not acceptedOn hold since 06/27/2019 , reason: Other",06/23/2019,,06/23/2019,,,,,,,,,,,,,,,,,,,,,,,,,,,,,,,,,,,,,,,
2019-03570,Complete,05/28/2019,08/08/2019,05/29/2019,,,,,,,,UT Southwestern/Simmons Cancer Center-Dallas,226789,NCT03562273,,,,,INSTITUTIONAL,05/29/2019,,Other,"Per EW# 93872 trial has been placed on hold as ?Other? to confirm the Lead Organization, because the protocol shows Lead Organization as  University of Maryland, Marlene and Stewart Greenebaum Cancer Center/Principal Investigator: Elizabeth Nichols, M.D.",Interventional,No,On-Hold,05/29/2019,,,,,,UT Southwestern/Simmons Cancer Center-Dallas,05/28/2019,Submission Received Date,05/28/2019,Registry,2,,"Submitted -- not acceptedOn hold since 05/29/2019 , reason: Other",05/28/2019,,05/28/2019,,,,,,,,,,,,,,,,,,,,,,,,,,,,,,,,,,,,,,,
2018-01782,Amendment,07/24/2019,08/09/2019,07/24/2019,07/24/2019,,,,,,,Laura and Isaac Perlmutter Cancer Center at NYU Langone,170563,,,,,mod19,INSTITUTIONAL,07/24/2019,,Submission Incomplete,Can you please provide the Consent form - Molecular Taxonomy_Main ICF_03-04-2019? Thanks.,Non-interventional,No,On-Hold,07/24/2019,,,,,,Laura and Isaac Perlmutter Cancer Center at NYU Langone,07/24/2019,Administrative Processing Start Date,07/24/2019,Registry,2,,"Ready for Scientific ProcessingOn hold since 07/24/2019 , reason: Submission Incomplete",07/24/2019,,07/24/2019,07/24/2019,"such, Chun-Hui Su",07/24/2019,,,,,,,,,,,,,,,,,,,,,,,,,,,,,,,,,,,,
2019-05156,Complete,07/24/2019,08/09/2019,07/24/2019,,,,,,,,Fox Chase Cancer Center,199035,NCT03310567,,,,,INSTITUTIONAL,07/24/2019,,Submission Incomplete -- Missing Documents,IRB approval dated 12/12/2017 list Informed Consent 17-1072 consent treatment 2017-11-10_pre-review. The Informed Consent was not provided.  Please provide 17-1072_consent_treatment_2017-11-10_pre-review.,Interventional,No,On-Hold,07/24/2019,,,,,,Fox Chase Cancer Center,07/24/2019,Submission Received Date,07/24/2019,Registry,2,,"Submitted -- not acceptedOn hold since 07/24/2019 , reason: Submission Incomplete -- Missing Documents",07/24/2019,,07/24/2019,,,,,,,,,,,,,,,,,,,,,,,,,,,,,,,,,,,,,,,
